real,title
1,Ellen DeGeneres cries after receiving the ‘best birthday gift’ from Portia de Rossi
1,Dream Kardashian gets into Halloween spirit in new photos
1,The Crown season 3: First look as Helena Bonham Carter as Princess Margaret
1,"Steve Harvey said he doesn't apologize for his brutal staff rules, which include 'do not attempt to walk with me' and 'do not wait in any hallway to speak to me'"
1,"Before You See Jurassic World: Fallen Kingdom, You Need to Watch This Rap Recap"
1,Dua Lipa Points out Sexism in the Music Industry with British GQ
1,Paul Rudd Loves Showing His Kids Inappropriate Movies
1,"The Arrangement's Kyle West Has Four Words for All the Haters Bashing His New Movie: ""Let Them Eat Cake"""
1,"Tyler Henry Connects Coco to Her Late Grandmother, Who Makes a Joke About Her &quot;Sexual&quot; 2011 Song &quot;Shoe Freak&quot;"
1,California Adventure: Pixar transformation will close California Screamin'
1,The Good Place Recap: True North
1,Selena Gomez and Her 'Wizards of Waverly Place' Brother David Henrie Returned to Disney for Fourth of July
1,Tony Awards 2017: Complete List of Nominations
1,‘Big Brother’: CBS Responds To “Inappropriate Behavior & Offensive Comments” By Cast Members
1,Public financial disclosure report
1,"New on Netflix in March 2018: ‘Jessica Jones,’ ‘Collateral,’ ‘Benji’"
1,Big Bang Star Kaley Cuoco’s Love Of Wine Leads To Awkward Incident
1,Billboard Awards: Jenna Dewan dominates the red carpet
1,When Does 'The Bold Type' Return? A New Season Is Definitely In The Works
1,Sam Hunt on the 'Spiritual Strength' of Married Life: 'I Feel a Little Bit Taller' Wearing My Wedding Ring
1,La La Anthony and husband Carmelo 'reconcile' almost two years after calling it quits
1,Transformation! 'Cement Face' Woman from 'Botched' Debuts New Look
1,Royal baby: Prince William and Duchess Kate's new prince is named Louis Arthur Charles
1,Sofia Vergara Confirms Husband Joe Manganiello Is a Not-So-Secret Nerd
1,"""Hot Felon"" Jeremy Meeks' Wife Tears Up In Emotional Interview About Chloe Green Cheating Scandal"
1,Jenna Dewan's $6 natural eyebrow hack
1,Rachel Bloom Bought Her Gucci Dress for the 2017 Emmy Awards
1,Demi Lovato 'Beat Shazam' Episode Pulled From Fox Schedule After Overdose Report
1,John Mahoney
1,On the New Roseanne and Queer Spectatorship
1,Photos: Preparations for the royal wedding of Prince Harry and Meghan Markle
1,Why Nikki Bella Hid Her First Marriage from John Cena — and How He Reacted When He Found Out
1,The Real Housewives of Orange County
1,What is James Van Der Beek doing in What Would Diplo Do?
1,Cameron Diaz
1,Selena Gomez shares photo from date night with The Weeknd
1,Nancy Juvonen
1,Emma Watson donates £1 million to anti-sexual harassment campaign
1,Donal Logue's missing transgender daughter is found
1,‘I will not be shamed’: Actor Terry Crews details his alleged sexual assault
1,Cole Sprouse and Lili Reinhart's Relationship Timeline
1,15 Things You Might Not Know About Finding Nemo
1,Gisele Bundchen shares shot of Tom Brady decorating tree with daughter Vivian
1,Introducing 3 easy DIY natural toners
1,Janet Jackson Visits Hurricane Harvey Victims After Kicking Off State of the World Tour
1,Revenge star Ashley Madekwe shows off legs in cut-off vintage denim hotpants
1,SAG Awards 2018 In Memoriam Honors David Cassidy
1,Prince William May Have Just Revealed the Gender of His and Kate Middleton's Third Child
1,Emily Blunt joins Disney's 'Jungle Cruise' where she'll drink tequila with The Rock
1,Elizabeth Hurley gushes over Jennifer Lawrence's look-a-like Versace
1,Nicole Kidman proves she can clap normally after THAT seal-like Oscar mishap had the internet in hysterics
1,A Complete List of Who Lives and Dies in Avengers: Infinity War
1,Gwen Stefani Reveals the Hilarious Christmas Gift She’s Getting Blake Shelton
1,Sarah Jessica Parker's Favorite Sex and the City Memories
1,It’s Time for the Senate to Do Its Job – Congressman Mike Honda – Medium
1,‘Bachelor in Paradise’ Returned for Season 4 With Some of Its Highest Ratings Ever/ Full Episode.
1,Lisa Rinna's daughter Amelia Gray Hamlin reveals battle with anorexia
1,Khloe Kardashian Slams ‘Revenge Body’ Contestant’s ‘Fake’ Crying: ‘That Tear Was Perfect Acting’
1,Savannah Chrisley on Split from Luke Kennard: 'I Dodged a Bullet'
1,Ramona Singer Performs Kelis’ ‘Milkshake’ on ‘Lip Sync Battle’
1,Orlando Bloom's Son Has Cutest Reaction To Seeing Pirates Of The Caribbean For First Time
1,"Relive Jessie James Decker and Eric Decker's Sexiest Eric & Jessie Moments: Makeout Sessions, Bubble Baths and More!"
1,Darnell Nicole Gets Some Shocking News About Her New Beau in Wags Miami Sneak Peek: ”That is Somebody I Used to Smash!”
1,Jennifer Aniston Joins Sandra Bullock and Bryan Randall for Dinner -- See the Pics!
1,"Alyssa Milano, Viola Davis and more stars speak at the 2018 Women's March"
1,Tina Fey plays a game involving two E.T.s recreating the Ghost pottery scene
1,Alan Thicke's Widow Says 'We Were Planning on Having a Baby' Prior to Growing Pains Star's Unexpected Death
1,Official Web Site
1,Amber Rose sleeps through 4-hour home invasion
1,"Takeaway Curry, Game of Thrones and Elaborate Disguises: The Young Royals' Life at Kensington Palace"
1,Beyonce Stylishly Celebrates JAY-Z’s Birthday Following His Infidelity Admission
1,Shia LaBeouf tweets apology: 'I am deeply ashamed of my behavior'
1,"Hilarie Burton, Jeffrey Dean Morgan welcome 'miracle baby' in honest post about fertility"
1,First Look at Ryan Murphy's New FOX Series '9-1-1'
1,"Serena Williams is pregnant, shares baby bump pic at '20 weeks'"
1,‘MAFS’ Stars Jamie Otis And Doug Hehner Land A Spin-Off
1,Rod Stewart says Elton John's farewell tour is 'dishonest' and 'stinks of selling tickets'
1,Gwen Stefani Has 'Best Thanksgiving' With Blake Shelton - See the Sweet PDA Pic!
1,Kim Kardashian Thinks North West Would Make a Better President Than Trump
1,GQ mocks Vanity Fair's photoshop fail with spoof cover
1,[Spoilers S4] Post Episode Discussion: S4E04- “A Lie Guarded” : The100
1,‘Grey’s Anatomy’ star gets engaged to longtime boyfriend
1,"Miley Cyrus: ""Wherever I am, my f**king voice is gonna be heard"""
1,Ryan Phillippe's Ex Demands $12k for Him Not Turning Over Reese Texts
1,"Botched Patient Lauren Has PTSD From Being Awake During a Bad Nose Job: ""I Remember the Whole Thing"""
1,The Bachelor Recap: Age Ain't Nothing But An Oh My God
1,Victoria Beckham Is 'Upset' About Brooklyn Beckham Attending University In New York
1,Kim Kardashian shares first photo with all three children
1,Nikki Bella Is Left Feeling 'Confused' After Watching John Cena's Emotional Today Show Interview
1,"Katy Perry, Calvin Harris, Pharrell vibe on the beach in ‘Feels’ video"
1,"All-black 2018 Pirelli Calendar stars Naomi, Diddy, RuPaul"
1,Princess Diana Is ‘Helping’ Prince William And Kate Middleton Raise Their Children
1,"Young Dumbledore, Grindelwald star in new Fantastic Beasts sequel photos"
1,"Stephen Colbert announces $1 million #PuberMe donation to Puerto Rico with help from Lin-Manuel Miranda, Nick Kroll"
1,Maddox Jolie Pitt Reportedly Begging To Live With Brad Pitt Instead Of ‘Instigator’ Angelina Jolie
1,Candice Swanepoel reveals her post-baby body in bikini
1,» This Celeb Fashion Trend Is Growing at Nascar-Level SpeedNascar Site
1,"Inside Nicole Kidman's Long, Winding Road to True Happiness"
1,"Kylie Jenner Gives Glimpse at Daughter Stormi's Nursery - and Yes, Butterflies Are Involved"
1,Serena Williams' Royal Wedding Reception Look Has Us in Awe Once Again
