title,real
Kandi Burruss explodeert over verkrachtingsbeschuldiging over 'Real Housewives of Atlanta' Reunion (video),1.0
People's Choice Awards 2018: de beste rode loper looks,1.0
Sophia Bush stuurt een zoete verjaardagsbericht naar 'One Tree Hill' co-ster Hilarie Burton: 'Breyton 4eva',1.0
Colombiaanse zangeres Maluma wekt geruchten over een ongepaste relatie met tante,1.0
Gossip Girl 10 jaar later: hoe Upper East Siders de wereld schokte en de popcultuur voor altijd veranderde,1.0
Mindy Kaling verschijnt het eerste post-baby-verschijning in Disneyland met haar co-sterren 'Wrinkle in Time',1.0
"Katharine McPhee Butchers Tony Nominations: ""Ik heb niet gedronken""",1.0
‘Wags Miami’ sterren Ashley Nicole Roberts en Philip Wheeler zijn getrouwd,1.0
Medium Tyler Henry richt zich op de ‘huiveringwekkende’ berichten van Kristin Cavallari's overleden broer die tijdens het lezen wordt uitgedrukt,1.0
DWTS Seizoen 27 Resultaten: Week 5 - Disney Night,1.0
2011 via CQ -abonnees alleen belastingstichting,1.0
David Cassidy snijdt vervreemde dochter Katie volledig uit zijn wil ... maar laat £ 110.000 over aan zoon Beau,1.0
"Actrice Brigitte Nielsen, 54, heeft haar vijfde kind bevallen",1.0
Pink kondigt 2018 Tour aan en laat nieuwe single vallen,1.0
"Johnny Depp, Charlie Sheen en Kevin Dillon herenigen zich",1.0
Ryan Phillippe pronkt met waanzinnig gebeiteld bod -shirtless in de sneeuw,1.0
10 mooie beroemde boeken die er goed uit zouden zien op je salontafel,1.0
Roze paniek voordat hij hangt van L.A. Hotel voor AMAS 2017 Performance,1.0
Anne Hathaway sloot preventief body-shamers af met een Instagram-post over gewichtstoename,1.0
Bekijk: Kendall Jenner's allereerste Adidas-advertentie,1.0
'Bachelor' Alum Wenen Girardi onthult het geslacht van haar tweeling,1.0
Teen Mom Og's Tyler Baltierra onthult hoe hij 30 pond verloor.,1.0
Kim Kardashian West zegt dat haar kinderen niet weten dat ze beroemd is: ze hebben 'geen idee',1.0
Jennifer Lawrence ontploft de juridische tactiek van Harvey Weinstein,1.0
"De CW vernieuwt 'Supernatural', 'Arrow', 'Supergirl,' Riverdale ', en meer",1.0
Harvey Weinstein heeft onderzoekers ingehuurd om te bespioneren op beschuldigers - variëteit,1.0
Kijk op Jonathan squirm van het eerste zicht wanneer hij werd geconfronteerd met de zus van Molly,1.0
Een afscheid van @Midnight: waarom de Comedy Central Quiz Show eindigt en waarom dat echt slecht is,1.0
Lijst van wie Beyonce Knowles is gedateerd,1.0
Katy Perry zegt dat ze klaar is voor een 'zielsrevisie' na 'het doden van haar ego' het afgelopen jaar,1.0
Rose Leslie liet Kit Harington een Jon Snow -kostuum dragen,1.0
Kate Middleton draagt Diana's tiara op de diplomatieke receptie van Queen,1.0
‘Bachelorette’ ster Chad Johnson onthult waarom hij relaties saboteert en de tol die zijn moeder heeft gehouden,1.0
Het huis van Kourtney Kardashian zwermt met tarantulas,1.0
Alles over de gebruikte $ 4.200 Crib Kim Kardashian West en Beyoncé,1.0
Audrina Patridge Divorce: Corey Bohan zoekt gezamenlijke voogdij,1.0
Mama juni prullenbak praat over de verloofde van dochter Pumpkin,1.0
"""Scott bracht hier een meisje mee!""Disick verstoort een nieuwe reis en de reactie van de familie Kardashian is onbetaalbaar: kijk nu",1.0
Rachel Brosnahan woont Tony Awards Days Days na de dood van tante Kate Spade bij,1.0
"Norvell presenteert productlijn ""Dancing With the Stars""",1.0
Gered door de Bell's Mark-Paul Gosselaar en Tiffani Thiessen om zich te herenigen,1.0
Zou u een gekleurde lippenbalsem als een make -upproduct beschouwen?,1.0
Rhomiami alum Joanna Krupa en Romain Zago maken de scheiding af,1.0
KJ Apa Roasts Cole Sprouse op Instagram met een throwback -foto,1.0
Minder stuiteren?Iggy Azalea zegt dat ze 15 pond heeft verloren.In 1 week van Twerken voor haar nieuwste muziekvideo,1.0
Binnen Matt Lauer's Quiet Life 1 jaar na vandaag Show Fireing: 'Hij doet het niet goed',1.0
"Sean Penn spreekt Haïti, humanitarisme en Hollywood",1.0
J Balvin leeft op het moment met zijn droommeisje in de nieuwe 'Ahora' -video,1.0
Anthony Michael Hall veroordeeld tot drie jaar proeftijd voor mishandeling,1.0
Serena verliest in de comeback van de tentoonstelling na de bevalling,1.0
Thomas Rhett & vrouw openen over het turbulente adoptieproces,1.0
Britney Spears stemt ermee in Kevin Federline 'Duizenden meer' te betalen in kinderbijslag: rapport,1.0
"12 foto's van beroemdheden die hun jassen niet goed dragen, omdat niemand weet hoe hij zich moet kleden voor herfstweer",1.0
Cardi B heeft wat advies voor iedereen ingepakt in het relatiedrama van Khloé Kardashian,1.0
Patiëntbescherming en betaalbare zorgwet,1.0
Blake veroordelt Harvey Weinstein te midden van beschuldigingen,1.0
Zie het hilarische kerstcadeau Jennifer Lawrence gaf haar 'BFF' Kris Jenner,1.0
Onderzoek naar trends van beroemdheden: van placenta -pillen en bankbloed tot babydragen,1.0
"Weer samen!Elke foto van Meghan, Kate, Harry en William op Centenary of Armistice Service",1.0
Kylie Jenner zegt dat dochter Stormi er 'net als' uitziet,1.0
"Angelina Jolie praat Brad Pitt, Bell's parese in 'Vanity Fair' coververhaal",1.0
Cara Delevingne beweert dat Harvey Weinstein haar probeerde te kussen en wilde dat ze deelnam aan een drietal in zijn hotelsuite,1.0
Bekijk Britney Spears End Las Vegas Residency met Oude Year's Eve Performance,1.0
Je kunt beter Saul bellen,1.0
Kendra Wilkinson zegt dat ze haar 'laatste scheidingspaper' heeft getekend van echtgenoot Hank Baskett,1.0
Mei 2017 - pagina 180 - Amnayzh News,1.0
Paris Hilton praat als een Kim Kardashian 'Clone' voor de nieuwe Yeezy -campagne (exclusief),1.0
Selena Gomez en The Weeknd zijn dating: een tijdlijn van alles,1.0
'What Echt Hurt': Jay-Z gaat uit over vermeende vete met Kanye West,1.0
'Fixer Upper' Stars Chip en Joanna Gaines keren terug naar tv met een nieuw ontdekkingsnetwerk,1.0
"We weten niet waarom Matthew Rhys aan de moeder was gestript!Première, maar we zijn er zo goed",1.0
We hebben de Starbucks Zombie Frappuccino geprobeerd en we weten niet zeker hoe we erover denken,1.0
Kim Kardashian sloeg voor 'belachelijke' bikini Instagram: 'Je zou je moeten schamen!',1.0
Netflix stopt met het streamen van Marvel -films,1.0
Ariana Grande en Jimmy Fallon Break Records tijdens Tonight Show Takeover - Movies & Television,1.0
Alex Rodriguez deelt nooit eerder geziene foto's van Jennifer Lopez in Sweet Birthday Post,1.0
"Venus Williams, andere chauffeur opgeruimd bij dodelijke crash",1.0
The Last Black Unicorn: Tiffany Haddish: 9781501181825: Amazon.com: Books,1.0
Bachelor in het paradijs: Taylor Nolan en Derek Peth Split,1.0
Zaterdagbesparingen: Jennifer Lopez's bijgesneden trui is slechts $ 28!,1.0
Celebrity Huwelijk: Kendra Wilkinson trekt de trouwring af en breekt op Instagram af,1.0
"Kim Kardashian is 'overblond', dus verven ze haar haarroze - bekijk de vid",1.0
Bekah M. legt uit waarom haar moeder haar vermist tijdens het filmen van ‘Bachelor’ en het is eigenlijk geen probleem - video,1.0
"Scheana Shay voelde dat ze ""hard"" en ""koud"" was in de richting van Mike Shay bij de reünie",1.0
Orkaan Maria kan een storm van $ 95 miljard zijn voor Puerto Rico,1.0
9 manieren 'Riverdale' en 'Gossip Girl' zijn in wezen dezelfde show,1.0
De volgende 'Bachelor' zal Peter Kraus niet zijn als deze tweet te geloven is,1.0
SparkNotes: The Handmaid's Tale: Plot Overview,1.0
Ed Sheeran zegt dat hij zijn arm heeft gebroken bij het fietsongeluk,1.0
De politie herstelt Elizabeth Smart en arresteer haar ontvoerders,1.0
Kelly Rohrbach Cosies tot shirtless Beau Steuart Walton in Malibu,1.0
Tarek en Christina El Moussa produceren een nieuwe HGTV-show: Chi-Town Flip,1.0
The Walking Dead Season 9: De reden waarom Rick Grimes -acteur Andrew Lincoln de serie heeft verlaten,1.0
‘Total Bellas’ vernieuwd voor seizoen 4 door E!,1.0
LeBron James en andere sportsterren die Hollywood zijn gegaan - Fussball,1.0
Sag Awards 2018: Millie Bobby Brown draagt Converse Sneakers,1.0
"Halsey die over G-Eazy strompelt, je hart zal breken: ik hou van alles aan hem",1.0
Rihanna geeft een flits van decolleté op de NYFW -show,1.0
10 keer was Kim Kardashian absoluut woest voor haar zussen op Kuwtk,1.0
Hoe je dit voorjaar Gingham draagt,1.0
Coco Austin en dochter Chanel Don Mermaid Bikini's in de Bahama's,1.0
Gwyneth Paltrow poseert topless in modder voor het eerste nummer van Goop,1.0
Media Wall vs Step en herhaal versus logo wanden,1.0
Volledige lijst met winnaars van Hip Hop Awards 2017,1.0
Bekijk: Ryan Gosling vertelt hoe hij jazz heeft gered tijdens het 'Saturday Night Live' seizoen.,1.0
Joanna komt op waarom het verwachten van haar vijfde baby 'voelt alsof het mijn eerste keer zwanger is',1.0
"Billy Bush breekt zijn stilte op Trump, de 'Access Hollywood' -tape, NBC en een comeback -plan (exclusief)",1.0
Darren Aronofsky,1.0
Zie Meghan Markle (in de marine!) En Prins Harry Rush in voor de koninklijke bruiloft van prinses Eugenie,1.0
"Ashley Benson kanaliseert de Olsen-tweeling-plus, haar schoonheidsbenodigdheden",1.0
Watch Live: Tim Kaine en Corey Stewart ontmoeten elkaar voor het eerste debat van de Amerikaanse senaat in Virginia,1.0
Britney Spears,1.0
De vadertas,1.0
Gal Gadot speelt 'Box of Lies' op 'Tonight Show': Voeg hier Lasso van Truth Joke in,1.0
De landgoederen van Carrie Fisher en Debbie Reynolds om thuis- en persoonlijke artikelen te verkopen,1.0
Voormalig realityster Jon Gosselin onthult hoe hij de grote mijlpaalverjaardag van zijn sextuplets vierde,1.0
J Balvin onthult of hij verwant is aan de vrouwen in een virale video die beweert zijn tantes te zijn,1.0
Heath Ledger,1.0
Tyler Henry spreekt met Kristin Cavallari over haar overleden broer,1.0
Serena Williams kanalen Hollywood Glamour tijdens haar met sterren bezaaide repetitiediner,1.0
Zijn Chloe Lukasiak en Maddie Ziegler nog steeds vrienden?De 'Dance Moms' -sterren hebben veel meegemaakt,1.0
Erika Girardi reageert op Eileen Davidson die de Real Housewives van Beverly Hills verlaat,1.0
"Taylor Swift plaagt 2018 Tour, creëert ticket kopen initiatief voor fans",1.0
Mariska Hargitay schijnt in wetgeving en orde: SVU Sneak Peek: Je rommelt niet met Mama Bear Benson,1.0
"Normani Kordei, Dancing With the Stars: Will Twisted enkelblessure beïnvloedt DWTS",1.0
Bekijk: nieuwe ‘Mary Poppins Returns’ featurette gaat achter de schermen van Disney's vervolg,1.0
Jennifer Lawrence,1.0
Serena Williams deelt haar 10 favoriete video's van dochter Alexis Olympia,1.0
WWE's Brie Bella bevalt: 3 redenen waarom Birdie Joe een baby van een miljoen dollar is,1.0
Amy Schumer's National Bikini Day 'Gram is alles,1.0
"Nicky Jam: El Ganador, in de hoofdrol de zanger zelf, gaat in première op Netflix, maar niet op Telemundo",1.0
"Jimmy Kimmel schiet Trump, Graham, Cassidy in de 3e nacht van aanvallen op Republikeinse gezondheidszorgrekening",1.0
Zelfs vóór het pistoolincident van Jenelle Evans had ‘Teen Mom’ een controversiële geschiedenis,1.0
Jessie James Decker wordt heet en neemt de moeite om Eric Decker te kijken naar Yard Work aan Eric & Jessie,1.0
Kim Kardashian verontschuldigt zich voor haar controversiële Aaliyah Halloween -kostuum: 'We zien geen kleur in mijn huis',1.0
"Inside Danica Patrick's post-racing Life: Love, Wafles, Building Haar Brand en Bottling More of the That Wine",1.0
Zie Courtney Love Chew Scenery in Menendez Brothers Movie Trailer,1.0
Frances Bean Cobain hoopt dat haar vader trots zou zijn geweest,1.0
Khloe Kardashian onder ontzag voor zuster Kim Kardashian's 'Best Body Ever',1.0
Rob Kardashian toont ondersteuning voor ex Rita Ora tijdens ‘Girls’ Backlash,1.0
De 3-jarige zoon van Alicia Keys is een geweldige beatboxer-bekijk de schattige video!,1.0
Heetste roddels en entertainmentnieuws van beroemdheden in Ghana en wereldwijd plus mijn levensstijl,1.0
Michael Phelps en vrouw Nicole gooien douche voor '#Babyshark' nr. 2,1.0
Deze gif van Game of Thrones 'Jon Snow en Shrek's Donkey laten je schudden,1.0
20 gekke details achter het maken van Halloweentown,1.0
"Ryan Seacrest, 43, verpakt op de PDA met vriendin Shayna Taylor, 26, tijdens het uitje in Italië",1.0
Pasgetrouwden Pippa Middleton en James Matthews te zien op LAX,1.0
Spice Girls,1.0
Deze arbeidsdag hebben we protesten nodig,1.0
Shawniece Jackson en Jephte Pierre welkom dochter Laura Denise,1.0
Simon Cowell haastte zich na een ongeluk naar het ziekenhuis in zijn huis in Londen,1.0
"Kijk hoe Jenna Dewan-Tatum volledig stroomt over echtgenoot Channing Tatum: ""Ik ben zo trots op hem""",1.0
Ariana Grande en Pete Davidson: een tijdlijn van hun relatie,1.0
"Kerry Washington houdt ervan deel uit te maken van de Pixar -familie, zelfs als haar kinderen ""het nog niet snap""",1.0
Kaskade's Pool Party Dos en Don'ts: wees niet de man in Elmo Floaties,1.0
Manchester Bomber is gekoppeld aan de man van Brussel in de hoed ',1.0
Chanel Iman en Sterling Shepard verwachten een babymeisje,1.0
Paris Hilton denkt dat ze als prinses Diana zou kunnen zijn als ze niet voor sekstape is,1.0
Jay-Z geeft toe dat zijn huwelijk met Beyoncé niet '100% waarheid' was,1.0
"Jennifer Lopez, Alex Rodriguez haalt $ 35 miljoen op voor Puerto Rico",1.0
Kate Middleton draagt een Emilia Wickstead -geruite rok op het RAF -kerstfeestje,1.0
"De ervaring ""Manus X Machina""",1.0
Stephen Colbert is donderdagavond de gast van Jimmy Kimmel,1.0
Chris Harrison op zijn volgende grote stap en als we nog een vrijgezel uit 'Paradise' krijgen (exclusief),1.0
Dancing With the Stars 'filmavond geeft een van zijn koppels geen Hollywood -happy end,1.0
Ontdek welke van de echte huisvrouwen van Orange County niet terugkomt,1.0
Hugh Hefner,1.0
ESPYS stemmen: beste mannelijke atleet,1.0
"Happy Anniversary, John Krasinski en Emily Blunt!Herleef hun schattigste momenten",1.0
"‘American Idol’ vernieuwd voor seizoen 2 door ABC, juryleden en gastheer Ryan Seacrest die zijn ingesteld om terug te keren",1.0
'Grey's Anatomy': de onverwachte manier waarop Sara Ramirez terugkwam in de finale van seizoen 14,1.0
"Kristen Bell's ""Frozen"" -promposaal zorgde ervoor dat dromen uitkomen",1.0
‘AHS: Apocalypse’ - De grootste vragen die moeten worden beantwoord in de finale,1.0
De beste nieuwe schoonheidsproducten deze week,1.0
Bekijk elke beroemdheid op het koninklijke huwelijk van Prins Harry en Meghan Markle,1.0
"Wat te doen met NSFW Savagexfenty Xccessories, volgens Rihanna",1.0
"Heb je de laatste tijd ""bonus Jonas"" Frankie Jonas gezien?",1.0
Most gesproken over momenten van de Super Bowl 2018,1.0
Kim Kardashian kleurstoffen roze haarbruin voor de babydouche van Khloe Kardashian,1.0
Tom Brady kust Gisele in Costa Rica na verlies van Super Bowl,1.0
Michelle Obama die in november memoires vrijgeeft «CBS New York,1.0
Natalya vertelt alles over het totale divas seizoen 7,1.0
"Zanger Halsey, 23, bevriest haar eieren vanwege endometriose: 'Ik moet agressief zijn'",1.0
SZA's debuutalbum ‘Ctrl’ is platina gegaan,1.0
Deze Golden Globes looks een verklaring af - en kosten minder dan $ 12,1.0
27/05/99 Comité voor de rechterlijke macht,1.0
Zwangere Khloe Kardashian slaat Tokyo op met Kim & Kourtney voor Sisters Trip,1.0
Laat astrologie u helpen uw beste lentesrend te ontdekken,1.0
De Trailer van Flash Season 5 biedt Cicada en een verrassingsbezoek van Barry's Daughter,1.0
12 trouwjurken van tv en film die hemels zou zijn op het Met Gala,1.0
Kijk hoe Ellen DeGeneres de onzin uit Sam Smith bang maakt in Halloween -grap,1.0
Op de hoogte blijven van de Kardashians,1.0
Amerikaanse senator John McCain,1.0
Alpha Male Madness 2018: stem in de elite 8,1.0
Bachelor Bekah Martinez: Ik zag Arie na mijn eliminatie,1.0
President Obama huilde tijdens het afzetten van Malia in Harvard: 'zoals open-hartoperatie',1.0
"Het plan van Ryan omvat $ 700 miljard aan Medicare ""bezuinigingen"", zegt Stephanie Cutter",1.0
"De meeste heroïne in de VS komt nu de Mexicaanse grens tegen, zegt Rob Portman",1.0
"Gigi Hadid stuurt liefde naar Taylor Swift na het bijwonen van de reputatietour: ""Ik ben zo trots""",1.0
Johnny Depp aangeklaagd door ex-bodyguards voor onveilige werkomstandigheden en onbetaalde lonen,1.0
Ellen DeGeneres huilt na het ontvangen van het ‘beste verjaardagscadeau’ van Portia de Rossi,1.0
Dream Kardashian komt in Halloween Spirit in nieuwe foto's,1.0
The Crown Season 3: First Look als Helena Bonham Carter als prinses Margaret,1.0
"Steve Harvey zei dat hij zich niet verontschuldigt voor zijn brutale personeelsregels, waaronder 'probeer niet met mij te wandelen' en 'wacht niet in een gang om met mij te spreken'",1.0
"Voordat je Jurassic World: Fallen Kingdom ziet, moet je deze rap samenvatting bekijken",1.0
Dua Lipa wijst op seksisme in de muziekindustrie met British GQ,1.0
Paul Rudd houdt ervan zijn kinderen ongepaste films te tonen,1.0
"Het Kyle West van de arrangement heeft vier woorden voor alle haters die zijn nieuwe film bashen: ""Let They Eat Cake""",1.0
"Tyler Henry verbindt Coco met haar overleden grootmoeder, die een grap maakt over haar & quot; seksuele & quot;2011 Song & quot; schoenen freak & quot;",1.0
California Adventure: Pixar Transformation sluit California Screamin ',1.0
The Good Place Recap: True North,1.0
Selena Gomez en haar 'Wizards of Waverly Place' broer David Henrie keerden terug naar Disney voor de vierde juli,1.0
Tony Awards 2017: Volledige lijst met nominaties,1.0
"‘Big Brother’: CBS reageert op ""ongepast gedrag en aanstootgevende opmerkingen"" door castleden",1.0
Public Financial Disclosure Report,1.0
Nieuw op Netflix in maart 2018: ‘Jessica Jones’ ‘Collateral’ ‘Benji’,1.0
Big Bang -ster Kaley Cuoco's liefde voor wijn leidt tot ongemakkelijk incident,1.0
Billboard Awards: Jenna Dewan domineert de rode loper,1.0
Wanneer keert 'het gewaagde type' terug?Een nieuw seizoen is absoluut in de maak,1.0
Sam Hunt op de 'spirituele kracht' van het getrouwde leven: 'Ik voel me een beetje groter' met mijn trouwring,1.0
La La Anthony en echtgenoot Carmelo 'verzoenen' bijna twee jaar nadat ze het hadden gestopt,1.0
Transformatie!'Cement face' vrouw uit 'mislukte' debuteert nieuwe look,1.0
Royal Baby: Prins William en Duchess Kate's New Prince heet Louis Arthur Charles,1.0
Sofia Vergara bevestigt dat echtgenoot Joe Manganiello een niet zo geheime nerd is,1.0
"""Hot Felon"" de vrouw van Jeremy Meeks verscheurt in een emotioneel interview over Chloe Green Cheating Scandal",1.0
Jenna Dewan's $ 6 natuurlijke wenkbrauwhack,1.0
Rachel Bloom kocht haar Gucci -jurk voor de Emmy Awards 2017,1.0
Demi Lovato 'Beat Shazam' -aflevering aflevering van FOX -schema na overdosisrapport,1.0
John Mahoney,1.0
Over het nieuwe Roseanne en Queer Spectatorship,1.0
Foto's: voorbereidingen voor de koninklijke bruiloft van Prins Harry en Meghan Markle,1.0
Waarom Nikki Bella haar eerste huwelijk verborg voor John Cena - en hoe hij reageerde toen hij erachter kwam,1.0
De echte huisvrouwen van Orange County,1.0
Wat doet James van der Beek in wat Diplo zou doen?,1.0
Cameron Diaz,1.0
Selena Gomez deelt foto van datumnacht met de week,1.0
Nancy Juvonen,1.0
Emma Watson schenkt £ 1 miljoen aan een anti-seksuele intimidatiecampagne,1.0
De vermiste transgender -dochter van Donal Logue is gevonden,1.0
'Ik zal niet worden beschaamd': acteur Terry Crews beschrijft zijn vermeende seksuele aanval,1.0
Cole Sprouse en Lili Reinhart's relatie Tijdlijn,1.0
15 dingen die je misschien niet weet over het vinden van nemo,1.0
Gisele Bundchen deelt de schot van Tom Brady Decorating Tree met dochter Vivian,1.0
Introductie van 3 eenvoudige doe -het -zelf natuurlijke toners,1.0
Janet Jackson bezoekt orkaan Harvey -slachtoffers na het aftrap van de staat van de wereldtournee,1.0
Revenge-ster Ashley MoKwe pronkt met benen in afgesneden vintage denim hotpants,1.0
Sag Awards 2018 in Memoriam Honours David Cassidy,1.0
Prins William heeft misschien net het geslacht van hem en Kate Middleton's derde kind onthuld,1.0
"Emily Blunt sluit zich aan bij Disney's 'Jungle Cruise', waar ze tequila zal drinken met de rots",1.0
Elizabeth Hurley stroomt over Jennifer Lawrence's Look-A-Like Versace,1.0
Nicole Kidman bewijst dat ze normaal kan klappen nadat die zeehondenachtige Oscar-ongeluk internet had in hysterie,1.0
Een complete lijst van wie leeft en sterft in Avengers: Infinity War,1.0
Gwen Stefani onthult het hilarische kerstcadeau dat ze Blake Shelton krijgt,1.0
De favoriete seks van Sarah Jessica Parker en de stadsherinneringen,1.0
Het is tijd voor de senaat om zijn werk te doen - congreslid Mike Honda - Medium,1.0
‘Bachelor in Paradise’ keerde terug voor seizoen 4 met enkele van de hoogste beoordelingen ooit/ volledige aflevering.,1.0
Lisa Rinna's dochter Amelia Gray Hamlin onthult de strijd met anorexia,1.0
Khloe Kardashian Slams Slams ‘Revenge Body’ deelnemer's ‘Fake’ Crying: ‘Die traan was perfect acteren’,1.0
Savannah Chrisley op Split van Luke Kennard: 'Ik heb een kogel ontweken',1.0
Ramona Singer voert Kelis ‘Milkshake’ uit op ‘Lip Sync Battle’,1.0
De zoon van Orlando Bloom heeft de schattigste reactie op het voor het eerst zien zien van piraten van het Caribisch gebied,1.0
"Beleef Jessie James Decker en Eric Decker's Sexiest Eric & Jessie's Moments: Makeout Sessions, Bubble Baths en meer!",1.0
"Darnell Nicole krijgt wat schokkend nieuws over haar nieuwe Beau in Wags Miami Sneak Peek: ""Dat is iemand die ik vroeger sloeg!""",1.0
Jennifer Aniston sluit zich aan bij Sandra Bullock en Bryan Randall voor het diner - zie de foto's!,1.0
"Alyssa Milano, Viola Davis en meer sterren spreken op de Women's March 2018",1.0
Tina Fey speelt een spel met twee E.T.'s die de Ghost Pottery Scene herscheppen,1.0
De weduwe van Alan Thicke zegt: 'We waren van plan een baby te krijgen' voorafgaand aan de onverwachte dood van de groeipijnen Star,1.0
Officiële website,1.0
Amber Rose slaapt door 4 uur thuisinvasie,1.0
"Takeaway Curry, Game of Thrones en uitgebreide vermommingen: The Young Royals 'Life in Kensington Palace",1.0
Beyonce viert stijlvol Jay-Z's verjaardag na zijn ontrouw toelating,1.0
Shia LaBeouf tweett verontschuldigingen: 'Ik schaam me diep voor mijn gedrag',1.0
"Hilarie Burton, Jeffrey Dean Morgan verwelkomen 'Miracle Baby' in eerlijke post over vruchtbaarheid",1.0
Kijk eerst naar Ryan Murphy's nieuwe Fox-serie '9-1-1',1.0
"Serena Williams is zwanger, deelt Baby Bump Pic om '20 weken '",1.0
‘MAFS’ sterren Jamie Otis en Doug Hehner landen een spin-off,1.0
Rod Stewart zegt dat de afscheidsreis van Elton John 'oneerlijk' is en 'Stinks of Selling Tickets',1.0
Gwen Stefani heeft 'Best Thanksgiving' met Blake Shelton - zie de zoete PDA -foto!,1.0
Kim Kardashian denkt dat North West een betere president zou zijn dan Trump,1.0
GQ MOGN MOGS VANITY Fair's Photoshop Fail met spoof omslag,1.0
"[Spoilers S4] Post Aflevering Discussie: S4E04- ""A Lie Guarded"": The100",1.0
‘Grey’s Anatomy’ Star raakt verloofd met oude vriend,1.0
"Miley Cyrus: ""Waar ik ook ben, mijn f ** king stem wordt gehoord""",1.0
"De ex van Ryan Phillippe eist $ 12k voor hem, niet om te keren over Reese -teksten",1.0
"Botched patiënt Lauren heeft PTSS van het wakker zijn tijdens een slechte neusopdracht: ""Ik herinner me het hele ding""",1.0
The Bachelor Recap: Leeftijd is niets anders dan een oh mijn god,1.0
Victoria Beckham is 'overstuur' over Brooklyn Beckham die naar de universiteit gaat in New York,1.0
Kim Kardashian deelt de eerste foto met alle drie de kinderen,1.0
Nikki Bella blijft zich 'verward' voelen na het kijken naar John Cena's emotionele Today Show -interview,1.0
"Katy Perry, Calvin Harris, Pharrell Vibe on the Beach in ‘Feels’ video",1.0
"All-Black 2018 Pirelli-kalendersterren Naomi, Diddy, RuPaul",1.0
Prinses Diana helpt Prins William en Kate Middleton hun kinderen opvoeden,1.0
"Young Perkamentus, Grindelwald -ster in nieuwe Fantastic Beasts vervolgfoto's",1.0
"Stephen Colbert kondigt $ 1 miljoen #Puberme-donatie aan Puerto Rico aan met hulp van Lin-Manuel Miranda, Nick Kroll",1.0
Maddox Jolie Pitt smeekt naar verluidt om bij Brad Pitt te wonen in plaats van ‘Instigator’ Angelina Jolie,1.0
Candice Swanepoel onthult haar post-baby lichaam in Bikini,1.0
»Deze celeb-modetrend groeit op NASCAR-niveau Speednascar-site,1.0
"Binnen Nicole Kidman's lange, kronkelende weg naar echt geluk",1.0
"Kylie Jenner geeft een glimp van de kinderdagverblijf van dochter Stormi - en ja, er zijn vlinders bij betrokken",1.0
Serena Williams 'Royal Wedding Reception Look heeft ons opnieuw vol ontzag,1.0
Uitbreiding van kans - #Kempforum16 - Paul Ryan - Medium,1.0
Jonathan Scott van Property Brothers onthult waarom hij niet op Dancing with the Stars met Drew is,1.0
De munitie van de uitdaging onthult dat hij is verkracht door een voormalige partner,1.0
Eva Longoria is diepbedroefd terwijl haar geliefde hond Jinxy na een beroerte in haar armen overlijdt,1.0
Miley Cyrus en Liam Hemsworth hebben date night op het laatste Vegas -concert van Elton John,1.0
WWE touts succes van het YouTube -kanaal van Bella Twins,1.0
Margot Robbie had een hilarisch gênante ontmoeting met Obama op haar huwelijksreis,1.0
Kate Winslet onthult of ze weer met Leonardo DiCaprio werkt,1.0
Het herenhuis van New York City Julianne Moore belt naar huis,1.0
John Stamos kust adorably Caitlin McHugh's Baby Bump op 2018 Sag Awards Red Carpet: Pic!,1.0
Issa Rae om 2018 CFDA Awards te hosten,1.0
"Donald Glover vergelijkt zich met de ""moderne tupac""",1.0
Tinsley Mortimer,1.0
Onder de dekboot zinkt in het Caribisch gebied tijdens het filmen,1.0
Halsey en G-Eazy's schattigste momenten als een paar (foto's),1.0
De Rachel Lindsay van de vrijgezel pronkt met Svelte Taille,1.0
Nikki Bella worstelt om in de Bachelorette Spirit te komen op Total Bellas: '' Ik ben te oud voor al dat '',1.0
Justin Timberlake draagt Stella McCartney op Super Bowl Halftime Show,1.0
"Aaron Carter gearresteerd voor DUI, bezit 3 weken na Syracuse 'gezondheidsproblemen'",1.0
Brooke Burke bestanden voor echtscheiding van echtgenoot David Charvet na 6 jaar huwelijk,1.0
Tonya Harding,1.0
Carrie Fisher stuurde ooit een koe's tong naar een producent die naar verluidt haar vriend heeft aangevallen,1.0
Prins Charles eiste dat de koningin van haar favoriete hoveling kwijt was,1.0
Janelle Monáe bevrijdt zichzelf,1.0
"Sofia Vergara onthult dat haar Instagram is gehackt, waarschuwt fans om niet voor zwendel te vallen",1.0
Mary-Kate Olsen bindt met vriend Olivier Sarkozy's jonge dochter tijdens het winkelen,1.0
De beste Black Friday- en Cyber Monday -deals: 100 dingen die vandaag nog te koop zijn,1.0
10 dingen die je nooit wist over Victoria's Secret Angel Sara Sampaio,1.0
"Zoe Saldana's $ 8 go-to voor droge, chapped winterlippen",1.0
Nacho -frietjes,1.0
Bristol Palin en vervreemde echtgenoot Dakota Meyer vieren Pasen samen na Split,1.0
Kevin Hart weigert Tiffany Haddish $ 300 levensveranderende lening terug te laten betalen,1.0
Lala Anthony zegt dat ze Carmelo Anthony niet scheidt,1.0
Had Kanye West enige invloed op de nieuwe make -uplijn van Kim Kardashian?Zij wat ze erover te zeggen heeft!,1.0
Waarom Nikki Bella haar eerste huwelijk verborg voor John Cena - en hoe hij reageerde toen hij erachter kwam,1.0
Tristan Thompson,1.0
"Gayle King ‘Winced’ bij Stephen Colbert's Charlie Rose -grappen, maar zat toch voor een interview",1.0
Nicole Richie & Beauty Vlogger NikkieTutorials Swap Makeup Tricks,1.0
Teen Mom: Catelynn Baltierra ontketent scheidingsangst angsten,1.0
Pak een gouden schop en graaf door deel 5 van Twin Peaks,1.0
Kylie Jenner onthult dat de naam van haar babydochter Stormi is,1.0
Verjaardagspak!Vier de 37e verjaardag van Kim Kardashian met haar meest sexy naakte foto's,1.0
15 tv -programma's die werden geannuleerd vanwege controverses,1.0
De stalker van Taylor Swift veroordeeld tot 10-jarige proeftijd en GPS-monitoring,1.0
Kate Spade Dead op 55: Sterren reageren op de dood van modeontwerper,1.0
Emily Blunt herinnert zich dat hij de hele weg naar huis huilde na het verkrijgen van Meryl Streep's stempel van goedkeuring,1.0
Kijk uit King Robert!Er is een staatsgreep aan de gang op de Royals en de koning zit op het hakblok,1.0
Waarom Tracee Ellis Ross haar afstand hield van SZA op het Met Gala,1.0
Jay-Z stopt het concert om tweevoudig overlevende van kanker te ontmoeten: foto's!,1.0
"‘Alle mannen moeten sterven, maar we zijn geen mannen’ - Game of Thrones (S06E03)",1.0
Katie Holmes geniet van een economische rit in de metro in New York City,1.0
Demi Lovato maakt het niet meer uit wat de haters zeggen over haar zwempak Instagrams,1.0
Brooklyn Nine-Nine opgeslagen door NBC: 2018's tv-annuleringen en vernieuwingen,1.0
'Bachelor' Ben Higgins 'advies voor hoe Arie Luyendyk Jr. zijn rommelige einde moet omgaan (exclusief),1.0
Waarom Hoda Kotb het salaris van Matt Lauer niet maakt - Variety,1.0
"Taylor Swift onthult haar ""slechtste nachtmerrie""",1.0
‘Bright’ regisseur David Ayer had een onverwachte reactie op een slechte beoordeling,1.0
"Sterling K. Brown's Golden Globes -toespraak was zo, zo bewegend - net als al het andere dat hij doet",1.0
Afstemmingstest,1.0
"Waarom beroemdheden zoals Blake Shelton, Nicole Kidman en Blake Lively Hollywood hebben verlaten",1.0
De verrassende plaats Olivia Wilde draagt cannabisolie.,1.0
Playboy Mansion verkocht aan Twinkies -eigenaar,1.0
"Bella Hadid en The Weeknd gezien kussen op Coachella, stiekem datingrapport",1.0
De Griekse maker klaagt de raadselachtige beslissing van Freeform om de reüniefilm te schrappen: 'Ik ben duidelijk teleurgesteld',1.0
Robert Buckley en Jenny Wade kondigen het huwelijk aan,1.0
Bella Hadid stelde de Street Style -standaard in NYFW met deze look,1.0
Allison Janney onthult hoe Anna Faris omgaat met haar splitsing van Chris Pratt,1.0
Vreemde dingen,1.0
Paris Jackson brengt hulde aan Godfather Macaulay Culkin op zijn 38e verjaardag,1.0
Ultimate Pop Diva Tournament: Stem voor welke van de laatste twee dames het verdient om de titel mee naar huis te nemen,1.0
Pas op voor valsspelers: de echtgenoot van uw geliefde kan u aanklagen,1.0
Evan Ross onthult dat hij denkt dat de oude MTV -realityshow van Ashlee Simpson Ross het liefste is ter wereld op Ashlee en Evan,1.0
Jessica Simpson en Ashlee Simpson Ross 'Kinderen stelen de show met 4 generaties op de rode loper,1.0
FX trekt de plug op de geanimeerde tv -serie van Marvel's Deadpool van Donald Glover,1.0
OJ Simpson's zoon Justin is helemaal glimlachen bij Florida Walmart,1.0
"In wekelijkse Republikeins adres roept Boehner op tot ""nieuwe weg vooruit"" gericht op het creëren van banen, het verlagen van de uitgaven en het hervormen van het Congres",1.0
Chris Pratt verwelkomt een nieuwe koe in zijn boerderij: ‘Love at First Sight’,1.0
9 manieren waarop je werk niets is als ‘Grey’s Anatomy’,1.0
14 borden Bella Hadid en The Weeknd komen weer bij elkaar,1.0
"De grote winnaars van Oscars 2018, Beste momenten als ‘Shape of Water’ neemt de nacht in",1.0
De beste wenkbrauwen voor make-up op rode loperniveau,1.0
'Bachelor' Alum Peyton Lambton bevalt van het tweede kind met echtgenoot Chris,1.0
Liam Payne gaat Solo om de remix van Cheryl's nummer ‘I Don't Care’ te laten vallen - Luister hier,1.0
Hier is hoe je Kim Kardashian en Kourtney Kardashian's Mexico -uitje opnieuw kunt maken voor maar liefst $ 122.000,1.0
Jennifer Lopez en James Corden bootsen de dansbewegingen van Kid,1.0
Blac Chyna's ex Mechie zegt dat hij het is in de gelekte sekstape,1.0
'Oitnb': hoe de reis van elke gevangene van elke gevangene eindigde,1.0
Ronnie Ortiz-Magro onthult naam van pasgeboren dochter,1.0
Nicki Minaj onderscheidt zich van de menigte bij basketbalwedstrijd in bondage look,1.0
Een tiener Bradley Cooper schreef een artikel over het aansluiten van zijn BFF,1.0
6 dingen die je hebt gemist tijdens de 2018 Critics 'Choice Awards,1.0
Het lied in je hart,1.0
Kylie Jenner's Bike Shorts zijn nu $ 70 - Christian Welch - Medium,1.0
Kendra Wilkinson plaatst verjaardag eerbetoon aan Hugh Hefner,1.0
"David Plouffe, senator Joe Lieberman en Gen. Michael Hayden Talk National Security Lekken",1.0
Lilly Ghalichi Net Worth,1.0
Yuletide Chaos regeert in de NSFW ‘A Bad Moms Christmas’ trailer,1.0
Zwangere Claire Danes zegt dat het filmen van ‘Homeland’ tijdens het eerste trimester 'beschamend' was,1.0
Trailer |The Royal Wedding: Prince Harry & Meghan Markle |Royal Wedding Watch,1.0
Tot ziens Dr. ...!Ontdek welke Grey's Anatomy Character zegt 'I Quit' in Fiery Seizoen 13 Finale,1.0
De vrouwelijke pop wonderkanten die de wereld stormenderhand veroveren,1.0
Jay Leno neemt 'Tonight Show' Monologue over om grappen over seksuele intimidatie te vertellen,1.0
Kylie Jenner is al aan het plannen van Stormi's 'Epic' eerste verjaardagsfeestje,1.0
"Ronnie Ortiz-Magro, Jen Harley viert 4 juli samen na arrestatie",1.0
"Nicole Kidman, James Franco, Milo Ventimiglia Belt Out Spice Girl's 'Wannabe' voor de 21e verjaardag van het nummer (video)",1.0
Mills-Peninsula bariatrische chirurgieprogramma's,1.0
David en Victoria Beckham Show PDA op modeshow na het dichtslaan van scheiding geruchten,1.0
Kevin Smith 'Feel Good!'en weer thuis herstellen na die massale hartaanval,1.0
Acteur Julia Louis-Dreyfus voltooit de tweede ronde van Chemo,1.0
Channing Tatum Pens Krachtige brief voor dochter Everly & deelt het enige dat mannen wensen dat vrouwen wisten,1.0
Jessica Alba's borstvoeding selfie vat samen hoe het is om een moeder te zijn,1.0
Wonder Woman Final Trailer: kan de superheldenfilm van Gal Gadot het DC Universe Save the DC -universum Save?,1.0
Vanderpump regels ster Jax Taylor's vader Ronald sterft na kankergevechten: 'My Heart is Broken',1.0
‘Dawson’s Creek’ baas: Joey en Pacey zouden vandaag gescheiden zijn,1.0
Bill O'Reilly is 'boos op God' voor seksueel intimidatieschandaal,1.0
Nia Jax over het promoten van een positief lichaamsbeeld in haar terugkeer naar 'Total Divas',1.0
Eric Decker en Jessie James Decker Welcome Son Forrest Bradley,1.0
"De Bill Cosby -proef, legde uit",1.0
"Little Mix en CNCO Premiere Music Video voor ""Reggaetón Lento (Remix)"" -",1.0
"De pagina die u zoekt, is mogelijk verplaatst of hernoemd",1.0
Drake gooit Bar Mitswa-thema 31e verjaardagsfeestje,1.0
"Madison Beer ontkent dating Brooklyn Beckham, maar geeft toe dat ze ""nu plezier hebben""",1.0
Hoe een stip van stof Sarah Silverman hielp om te gaan met persoonlijk verlies,1.0
Beste tv -programma's om deze zomer te bekijken,1.0
Shania Twain sluit zich aan bij de Voice Season 12 als belangrijke adviseur,1.0
Ashley Monroe en John Danks welkom zoon Dalton: Pics,1.0
Jennifer Garner deelt waarom ze geen foto's van haar kinderen op sociale media zal plaatsen en het is volkomen logisch,1.0
Kim Kardashian gebruikt scheerschuim op een andere verrassend nuttige manier,1.0
Savannah Guthrie weegt de eerste week van Megyn Kelly bij haar nieuwe baan - e!Online/Page-3,1.0
"Bachelor in Paradise's Dean Unglert vraagt Kristina Schulman om hun splitsing in ""voldoende ongemakkelijk"" telefoongesprek te ontleden",1.0
Sarah Hyland's vriend Wells Adams juicht haar van verre aan nadat ze thuiskwam uit het ziekenhuis,1.0
'Sons of Anarchy' -acteur Alan O'Neill sterft op 47,1.0
ABC News: ABC News,1.0
"Hoe goed ken je de vrijgezellen, Rachel Lindsay?",1.0
Brandi Glanville heeft een zeer ongebruikelijke bijnaam voor haar oma en we weten niet hoe we ons moeten voelen,1.0
10 beroemde vaders ouder dan 50,1.0
En Reynolds Net Worth,1.0
"Erykah Badu, in gesprek",1.0
"Rob Kardashian, Blac Chyna regelen een deel van hun giftige geschil",1.0
Chloë Moretz 'wilde zich verbergen' na Brooklyn Beckham Split,1.0
MTV brengt 'Jersey Shore' terug met een reboot in 2018,1.0
Super Bowl -commercials,1.0
Royal Wedding Countdown: Meghan Markle die zich voorbereidt op haar grote dag met behulp van ontwerper en assistent,1.0
31 beroemdheden die nog steeds bevriend zijn met hun exes,1.0
Tamra Judge deelt foto's na de facelift: 'Ik was bang S ** tless',1.0
Justin Timberlake Kuses Eiza González in futuristische 'Supplies' -video: Kijk!,1.0
Totale Divas (seizoen 7),1.0
Eric Decker zei dat vrouw Jessie James Decker 'deed geweldig' met nationaal volkslied,1.0
"Naar adem snakken!Kylie Jenner is ""Over"" een van haar kenmerkende schoonheidstrucs",1.0
Vrouwen in Hollywood delen verhalen over seksueel misbruik in de entertainmentindustrie,1.0
"Prins William zegt dat hij nog steeds aan een naam ""werkt"" voor de nieuwe koninklijke baby - maar het kan per ongeluk zijn onthuld",1.0
"Beroemdheden met getatoeëerde wenkbrauwen, waaronder Helen Mirren, Coleen Rooney & Michelle Keegan",1.0
Waarom Bachelor-fans zo geobsedeerd zijn door Ashley Iaconetti en de langverwachte romantiek van Jared Haibon,1.0
Once Upon a Time Foto's: Emma herenigt zich met Hook en Henry,1.0
Jennifer Garner ‘Dating Iemand Nieuw’ na het voltooien van Ben Affleck -scheiding,1.0
Serena Williams 'zwangerschap hunkering zal je misschien verrassen,1.0
Veep -sterren reageren op de Australische parlementslid die zichzelf uithaalde om te lachen om aflevering,1.0
Jonas Brothers en andere beroemdhedenfeest op Pre-2018 Grammy Bashhes,1.0
Gal Gadot plaagt Wonder Woman 2 in de diepe duik interview,1.0
Amber gehoord gaat in op haar seksualiteit: 'Ik identificeer niet als iets',1.0
Hoe de Golden Globes 2018 gratis te bekijken,1.0
'Power Rangers' cast lobbyen voor een vrouwelijke groene ranger in vervolg,1.0
"Heather Locklear gearresteerd voor het aanvallen van Cop, EMT",1.0
Marilyn Manson gewond tijdens het op het podium Prop -ongeluk op het New Yorkse concert,1.0
"Kristen Bell voert 'Frozen'-liedjes uit in Hurricane Irma Shelter, blijft co-sterren' families redden",1.0
Teen Mom 3 alum Mackenzie McKee's Mom's Cancer heeft verspreid,1.0
Ariana Grande Pens krachtig essay na terroristische aanval op haar Manchester -concert,1.0
"Kylie Jenner en Travis Scott op liefde, waardoor het werkt, en de Kardashian Curse",1.0
Opmerkingen van de president bij CNBC Town Hall Discussie over banen,1.0
WWE 'Total Divas' -ster Nikki Bella op de zwangerschap van tweelingzus Brie,1.0
Brooklyn Beckham gutst over Chloe Moretz in Sweet Snap,1.0
Ariana Grande speelt een nieuwe single met Jimmy Fallon's Nintendo Labo -instrumenten,1.0
Radio Disney Music Awards 2018: Volledige lijst met nominaties,1.0
"Chris Pratt maakt grapjes dat zijn zoon ""hem niet zo leuk vindt"" als de rest van de Avengers: Infinity War -personages",1.0
Han ontdekt de leeftijd van Chewbacca in New Solo: A Star Wars Story Trailer,1.0
"Jimmy Fallon, Backstreet Boys Sing ""I Want It That Way"" (Classroom Instruments)",1.0
Lijst met films van Marvel Cinematic Universe,1.0
"Obama voor Amerika TV -advertentie: ""Firms""",1.0
"Once Upon a Time: Ginnifer Goodwin, Josh Dallas, Emilie de Ravin, Jared Gilmore Exit",1.0
Beroemd enkele samenvatting: de cast herbergt een wilde mixer die vol drama zit - natuurlijk,1.0
Wat gebeurt er met de shows van Ryan Murphy op FX?,1.0
Woensdag wake-up call: Steven Spielberg vertelt Carl's Jr. om te stoppen en te stoppen met zijn 'Spielburgers',1.0
10 verbluffende details die je moet zien vanuit een rimpel in de tijd première,1.0
"Geleid door Aly Raisman, accepteren meer dan 140 slachtoffers van Larry Nassar Arthur Ashe Courage Award bij ESPY's",1.0
Jay-Z spreekt over de huidige relatie met Kanye West: ‘Hij weet dat hij de lijn overschreed’,1.0
"Zayn Malik -fans denken dat Sofia Jamora in zijn ""Let Me"" -video eruit ziet als ex Gigi Hadid",1.0
Reese Witherspoon onthult dat ze seksueel werd misbruikt door regisseur toen ze slechts 16 was,1.0
Gypsy (tv -serie),1.0
15 denim rokken om te haken voor de zomer,1.0
De eerste look van Renee ZellWeger als Judy Garland in 'Judy' zal je over de regenboog sturen,1.0
Rebel Wilson grapt dat ook zij stiekem is getrouwd in een hilarische verjaardagspost,1.0
Grote schoenen om te vullen!Annasophia Robb ruilt haar hoge hakken voor comfortabele ugg -laarzen op set van de Carrie Diaries,1.0
12 keer heeft Kim Kardashian publiekelijk Kanye West verdedigd,1.0
'Jersey Shore' ster Mike 'The Situation' Sorrentino veroordeeld 8 maanden wegens belastingontduiking.,1.0
'Alles was een worsteling.'Bethenny Frankel over hoe ze ging van $ 20.000 aan creditcardschuld naar een skinnygirl -deal van $ 100 miljoen,1.0
"Lin-Manuel Miranda tikt de decemberisten voor het ongebruikte Hamilton-nummer ""Ben Franklin's Song"": Stream",1.0
Braziliaanse rechtbankregels Ryan Lochte kunnen worden vervolgd op beschuldiging van het indienen van vals rapport,1.0
"Cardi B spreekt bekendheid, toekomst en feminisme",1.0
Jonathan Van Ness van Queer Eye reflecteert op reis voor gewichtsverlies,1.0
13 redenen waarom we Kendall Jenner missen bij Fashion Month,1.0
De cast 'Pretty Little Liars' is net zo emotioneel tijdens de seriefinale als fans zijn - foto's,1.0
Gucci Mane trouwt met Keyshia Ka'oir op een weelderige bruiloft in Miami,1.0
Donatella Versace Biography,1.0
De make -upartiest van Adele onthult de geheimen achter haar iconische eyeliner,1.0
"'Getrouwd bij First Sight' 2017 Finale News: Decision Night ontketent onthullingen, welke was verrassend?",1.0
Lea Michele en Ashley Tisdale Collab,1.0
"Kourtney's Numb Lip, Khloe gaat naar de gevangenis, Todd Kraines & More: kijk hoe de Kardashians reageren op iconische tijdscheppende momenten!",1.0
Mama June zegt dat ze hoopt dat vriend Geno Doak met haar zal trouwen: 'Ik weet dat hij bang is',1.0
Ronj Reunion: Teresa Giudice waarschuwde voor,1.0
"Het vermogen van Scarlett Johansson, omdat fans gretig wachten op ‘Avengers: Endgame’",1.0
"Sebastian Stan deelt een grappige boodschap voor zijn 'vader', Mark Hamill",1.0
Khloe Kardashian brengt moeder Kris Jenner in verlegenheid voor Scribe [Watch],1.0
‘Wizards of Waverly Place’ ster David Henrie is getrouwd,1.0
Meghan Markle kust Prins Harry in Polo zoals prinses Diana,1.0
Amerikaanse senator Rand Paul van Kentucky,1.0
Verenigde Staten ministerie van Defensie,1.0
Luke Perry grappen Riverdale -producenten hebben hem in Cheryl Blossom -pruik gezet om het lot geheim te houden,1.0
Met Gala 2017 Red Carpet Live: alle beroemde jurken en mode,1.0
‘MAFS’ Samenvatting: Ryan sloot Jaclyn om te gaan drinken met zijn vrienden,1.0
Aaron Carter opent over fouten van meerdere miljoenen dollars die hebben geleid tot faillissement,1.0
"Michelle Williams over het herschoten van ""All the Money in the World"" met Christopher Plummer",1.0
Plan een bruiloft en word gekoppeld aan een bruidegom!,1.0
"'' Lichten, camera, actie! '' Josh Henderson en Christine Evangelista nemen fans achter de schermen van het arrangement seizoen 2",1.0
Bij 100 afleveringen vraagt Scandal om te worden omarmd voor de zeepachtige puinhoop dat het is,1.0
"The Arrangement Recap: Seizoen 1, aflevering 2",1.0
"Piers Morgan verontschuldigt zich aan Ariana Grande, prijst Manchester Benefit Concert",1.0
HIT OF HYPE: Celeb Pro Debunk 6 Skin-Care Trends,1.0
Drew Barrymore herinnert zich dat David Letterman knippert: 'Ik ben nu zo'n andere persoon',1.0
"Binnen de privé, beroemdheidsvriendelijke terminal bij LAX",1.0
Royal Baby: Prins William en Duchess Kate's New Prince heet Louis Arthur Charles,1.0
Olivia Culpo en Danny Amendola Paar op Ibiza Getaway,1.0
The Daily Show met Trevor Noah,1.0
Het lied in je hart,1.0
Jennifer Lopez om op te treden bij Billboard Music Awards 2018,1.0
Katharine McPhee en David Foster zijn verloofd,1.0
George en Amal Clooney sponsoren een Iraakse vluchteling die U. van C.,1.0
"People's Choice 2018: stem nu voor je favoriete films, tv -programma's en meer",1.0
"Fall TV 2018: elk tv -programma geannuleerd, vernieuwd en tot nu toe besteld",1.0
Demi Lovato's verjaardagsboodschap aan Nick Jonas zal je hart smelten,1.0
Transcripties,1.0
‘Once Upon a Time’ Zeroes in op 4 castleden voor potentiële seizoen 7 reboot,1.0
Kelly Clarkson opent over haar gewichtsverlies van 37 pond,1.0
Barbara Corcoran is al van plan haar Dancing With the Stars Romance met Keo Motsepe,1.0
Jimmy Fallon en Heidi Klum strijden in een hilarische dansstrijd,1.0
Pretty Little Liars: Mona heeft Charlotte vermoord,1.0
Kim Richards opent zich over wat haar helpt haar soberheid te behouden,1.0
Opinie |Mayim Bialik: Feminist zijn in de wereld van Harvey Weinstein,1.0
Kylie Jenner's heetste uiterlijk,1.0
Seth MacFarlane over het enige ‘grote probleem’ met de Oscars,1.0
Binnen 'Teen Mom Og' Catelynn's Lowell's post-behandelingsplan,1.0
Carrie Underwood Posts close-up foto van haar gezicht voor comeback bij ACM Awards,1.0
Spaanse bevolking aandeel van rijkdom die waarschijnlijk tegen 2025 zal toenemen,1.0
Obama eist onderzoek naar subprime -lening discriminatie,1.0
Bristol Palin Meyer deelde een paar updates over haar leven als vrouw en moeder van drie in een nieuwe post aan fans,1.0
Wil Meghan Markle 5 kinderen?Prins Harry heeft wat gedachten,1.0
Kendall Jenner woont première bij met Beau Blake Griffin,1.0
"Kijk hoe Eugenio Derbez ""All You Need Is Love"" zingt met zijn schattige dochter Aitana",1.0
Eenvoudige schoonheidshacks die je huid laten gloeien,1.0
Lady Gaga leidt digitale meditatie na Las Vegas Massacre,1.0
'Bachelorette' winnaar Bryan Abasolo stromt over verloofde Rachel Lindsay op Instagram na engagement onthullen,1.0
"Jay-Z laat ""Story of O.J."" vallenMuziekvideo op Tidal als 4:44 gaat platina in minder dan een week",1.0
Tracee Ellis Ross 'Hairstylist is geobsedeerd door deze $ 7 Hairspray,1.0
Carrie Fisher Net Worth,1.0
Ariel Winter en Levi Meaden vieren de eerste verjaardag,1.0
Prins Harry en Meghan Markle Channel Princess Diana op de tentoonstelling Nelson Mandela,1.0
"Rob Lowe's kinderen spelen de ""Best Son Challenge"" op 'The Tonight Show'",1.0
"""Kevin Hart Day"" is echt en er is een muurschildering om het te bewijzen",1.0
DJ Khaled kon de naam van Jenna Dewan Tatum niet zeggen bij iHeartRadio Music Awards 2018,1.0
Queer Eye (2018 tv -serie),1.0
Storm Reid is een rimpel in de tijd armband en meer filmbuffstijl,1.0
Dancing Under the Stars: Julianne Hough's perfecte bruiloft met Brooks Laich - 'We zijn nooit gestopt met elkaar te kijken',1.0
Feit-controle Feud: Hoe Bette Davis wraak kreeg op Joan Crawford voor die gestolen Oscar,1.0
Brielle Biermann bevestigt split nadat Kim Zolciak het ontkent,1.0
Meghan Markle schreef een krachtig essay over het omarmen van haar biraciale identiteit,1.0
Anthony Bourdain: Asia Argento deelde cryptische boodschap voor zijn schijnbare zelfmoord,1.0
Prins Harry om de Invictus -games van 2017 in Toronto te starten,1.0
Billboard Latin Music Awards 2017: zie de best geklede sterren,1.0
De moeder van Demi Lovato spreekt zich uit na haar schijnbare overdosis,1.0
Roseanne Barr heeft zichzelf net zoveel geld verloren,1.0
Khloe Kardashian zegt dat Tristan Thompson heeft geleerd van zijn 'fout' voorafgaand aan Kuwtk Premiere,1.0
Blake Lively en Ryan Reynolds bij Deadpool 2 Premiere,1.0
"Top Chef's Gail Simmons bevalt, verwelkomt het tweede kind",1.0
Michael Jackson Bodyguard Biopic: 13 Secret Girlfriends van de enorme schokken en ontsnappingsplannen ',1.0
Selena Gomez verontschuldigt zich op Instagram na weekdrama,1.0
Luann De Lesseps beschuldigt Russell Simmons om haar in een lift te tasten: 'Hij was gewoon een varken',1.0
Clapback Queen Chrissy Teigen deelt haar Social Media Secrets,1.0
Waarom Selena Gomez tijdens hun date -avond op Justin Bieber liep,1.0
Ed Sheeran en Beyonce Knowles die samen optreden,1.0
Nia Jax over het promoten van een positief lichaamsbeeld in haar terugkeer naar 'Total Divas',1.0
Kanye West en Kim Kardashian's beste blik op het Met Gala door de jaren heen,1.0
Labor Day Loving!Katy Perry en Orlando Bloom brengen samen vakantieweekend door,1.0
De in Minnesota geboren 'Black-achtig' ster Yara Shahidi is klaar voor wereldverovering,1.0
De schoonheidsgoeroe van Gwyneth Paltrow deelt haar pantry must-haves,1.0
Kelly Ripa biedt Ryan Seacrest Public Show of Support,1.0
Taylor Swift en Katy Perry beëindigden slecht bloed met een olijftak.Dit is hoe het begon.,1.0
Kristen Bell bezoekt nieuwe moeders en komt 'The Splash Zone' binnen - bekijk de video,1.0
Huma Abedin opent over Bond met Georgina Chapman,1.0
Kim Zolciak-Biermann deelt haar meest stemsterde (en meest topless) foto's met Kroy Biermann,1.0
Ellen DeGeneres schreef de liefste boodschap aan Portia de Rossi op hun negende huwelijksverjaardag,1.0
Riverdale's Black Hood onthulde en zijn achtergrondverhaal is griezelig AF,1.0
"Gwen Stefani werd gedumpt door Blake Shelton over ""jaloezie en drama"" (exclusief)",0.0
Broward County Sheriff schoot omdat hij over Parkland liegt,0.0
"Amber Rose sluit Frans Montana dating geruchten af, noemt rapper haar 'Bruvaaa'",0.0
Mel Gibson: Hollywood -pedofielen zijn nergens meer te verbergen,0.0
5 redenen waarom Tarek El Moussa zijn laatste rugblessure zal overwinnen,0.0
De Kardashians doneren maar liefst som aan Las Vegas Mass Shooting slachtoffers,0.0
Staat Brad Pitt open om weer samen te komen met Angelina na geruchten dat ze er van houdt?,0.0
"Een glimp van de relatie tussen Meghan Markle, Kate Middleton, Prins Harry en Prins William voor de Britse koninklijke bruiloft",0.0
Verwacht Katie Holmes en Jamie Foxx een baby?Nieuw rapport beweert dat ze een gezin willen stichten,0.0
Waarom alle dames verpletteren op Angelina Jolie,0.0
Mario Lopez geeft toe: 'Ik heb Ali Landry Days voor onze bruiloft bedrogen',0.0
Michael Fassbender & Alicia Vikander verdeeld na 9 maanden dating,0.0
Ryan Lochte werd vrijgemaakt van valsrapportage na incident op de Olympische Spelen in Rio,0.0
Kim Kardashian stond erop dat een ziek Kanye West naar het ziekenhuis ging na de pneumonie van Saint,0.0
Sofia Richie to Kourtney Kardashian: Blijf weg van Scott Disick!,0.0
"Kate Middleton wil echt zwanger worden van baby nr. 3, maar Prins William heeft het niet (exclusief)",0.0
"Jada Pinkett Smith verlaat Will Smith niet voor August Alsina, ondanks de claim",0.0
Luke Bryan grappen Gwen Stefani is te heet voor Blake Shelton: Watch,0.0
"Ben Affleck heeft een huisdierpooch geschonken over wat een bron ons vertelt, is zijn laatste dag in revalidatie",0.0
"Nee, Zayn is niet 'wanhopig om' vriendin Gigi Hadid te verdedigen",0.0
Kim Kardashian smeekt Tristan Thompson om haar op Instagram te deblokkeren,0.0
Ed Sheeran geeft toe dat hij hete vrouwen heeft kunnen bedden vanwege Taylor Swift,0.0
Jennifer Lopez snauwde Vanessa Hudgens op ‘Second Act’ set,0.0
Robert Pattinson 'zorgt nog steeds' voor Kristen Stewart - weer bij elkaar komen na feestreünie?,0.0
"Meryl Streep en Nicole Kidman vete over ‘Big Little Lies’ set, meldt ‘Closer Weekly’",0.0
Ivanka Trump US Weekly Cover Memes,0.0
De vrouw van Ellen DeGeneres Portia de Rossi maakt haar aan het huilen met 60e verjaardagscadeau,0.0
"Brad Pitt en Angelina Jolie's scheidingsweergoten weer, zijn relatie met Neri Oxman om de schuld te geven?",0.0
"Michael Strahan, Sara Haines organiseert ABC's nieuwe ‘GMA’ Hour",0.0
"Zanger Tina Turner: ""Deze Thanksgiving is de eerste keer in 8 jaar dat ik dankbaar ben voor onze president, God zegene hem en zijn aanhangers.""Steun je Tina?- Amerikaanse president Donald J. Tru",0.0
Gwen Stefani is nog steeds geslagen met Blake Shelton en 'heeft nooit eens' geprobeerd hem te veranderen (exclusief),0.0
Brad Pitt 'niet in een relatie met Neri Oxman,0.0
Heeft Channing Tatum Jenna Dewan bedrogen?Acteur gaf toe dat hij moeite had om werk en familie in evenwicht te brengen,0.0
De nieuwste: 'Three Billboards' wint de beste drama -filmbol,0.0
Gordon Ramsay zegt dat hij meer dan 50 pond heeft laten vallen.Om zijn huwelijk te redden,0.0
Justin Bieber & Selena Gomez's opnieuw ontstekte romantiek eindigde toen 'hij kon niet beloven' haar huwelijk,0.0
Beroemdheden delen eerbetoon aan slachtoffers van de terreuraanval van Barcelona,0.0
Kate Middleton en Prins William vieren misschien de verjaardag van Prince George op dit Caribische eiland,0.0
Mike Tyson bood serieuze ca $ h om de Russische dictator Vladimir Poetin te bestrijden,0.0
Brad Pitt nu Moonlighting in de meubelhandel,0.0
Ashton Kutcher heeft jongensavond met 'die' 70s -show 'Bros Wilmer Valderrama en Danny Masterson,0.0
Selena Gomez zwanger van de baby & racen van de Weeknd om te trouwen?- Rapport,0.0
Khloe Kardashian & Tristan Thompson splitsen zich op?In hun ‘gepassioneerde’ gevechten,0.0
Gwen Stefani roept Blake Shelton uit,0.0
Kim over afbrokkelende huwelijk met Kanye: ‘We hebben absoluut niets gedaan’ voor onze verjaardag,0.0
Waarom Kate Middleton en Prins William PDA niet laten zien zoals Prins Harry en Meghan Markle,0.0
Jayz heeft verward verward,0.0
Scott Disick overweegt naar verluidt een Kardashian Tell-all te schrijven voor $ 10 miljoen,0.0
Angelina Jolie woont Royal Wedding Speculation bij,0.0
Jennifer Aniston en Justin Theroux: De echte reden dat dit beroemdheidspaar uit elkaar gaat,0.0
Geruchtbuste!Katie Holmes brak niet uit met Jamie Foxx voor Joshua Jackson,0.0
US Report: ‘Kim Kardashian kondigt echtscheiding aan’,0.0
Rihanna en Hassan Jameel Romantiek Tijdlijn,0.0
Jay-Z verlaat nachtclubpersoneel $ 11.100 tip maar mensen zijn niet blij,0.0
Brad Pitt gaat trouwen,0.0
"Gwen Stefani werd gedumpt door Blake Shelton over ""jaloezie en drama"" (exclusief)",0.0
Jennifer Lopez is niet verloofd met Alex Rodriguez ondanks ringspeculatie,0.0
Khloe Kardashian heeft een meisje bevallen en dit is wat je moet weten over haar mogelijke naam,0.0
Mensen verbinden via nieuws,0.0
David en Victoria Beckham sloten de gescheiden geruchten,0.0
Ryan Phillippe over de rechtszaak van Ex-Girlfriend: 'Elk van mijn beschuldigingen is onjuist',0.0
Gotti (2018 film),0.0
Winnaars en genomineerden per categorie,0.0
BAFTAS -winnaars lijst 2017,0.0
Het lijkt erop dat Sophie Turner en Joe Jonas ernstig zijn toegewijd,0.0
Jennifer Lawrence zegt 'Moeder!' Leidde tot Darren Aronofsky Split,0.0
Rihanna heeft een 'blowout -gevecht' met Hassan Jameel over haar rokende wiet,0.0
De foto die bewijst dat Meghan Markle en Prins Harry nog geen kinderen hebben,0.0
Kanye West plaatst eerbetoon aan Lamar Odom: disseert hij Tristan Thompson voor het bedriegen van Khloe?,0.0
Fox News 'Shepard Smith:' Waarom ligt het na liegen na liegen? 'op Rusland -bijeenkomst,0.0
De tabloidverhalen van de week ontkrachten: 6 juli 2018,0.0
Khloe Kardashian gedaan,0.0
Hollywood viert Harvey Weinstein Academy -verdrijving met online glee,0.0
Kourtney Kardashian zwanger van baby 4,0.0
Robert Pattinson wil wanhopig Bond Kristen Stewart,0.0
Zijn Charlie Heaton en Natalia Dyer uit elkaar gegaan?'Stranger Things' paar naar verluidt verdeeld voor seizoen 3,0.0
Gingen Miley Cyrus en Liam Hemsworth stiekem trouwen?,0.0
Selena Gomez gelooft dat Justin Bieber haar ‘soulmate’ is en ze zijn voorbestemd om samen te zijn,0.0
"Ondanks rapport - blogs, foto's en meer over WordPress",0.0
Khloé Kardashian 'wil trouwen met Tristan Thompson' te midden van rapporten die ze 'quality time in Cleveland' doorbrengt,0.0
Kate Middleton: Is ze zwanger van tweelingmeisjes?!,0.0
Brad Falchuk Net Worth,0.0
‘Ik mis de oude Kanye’: wat is er gebeurd met de meest complexe ster van Rap?,0.0
Een nuttige gids voor de Khloé Kardashian en Tristan Thompson Cheat Scandal,0.0
Heeft Kate Middleton een tweeling?Prins William had dit te zeggen - wat is de kans?,0.0
Is er een Britney Spears -sekstape?,0.0
De Kardashians proberen 'wanhopig' de nieuwe show van Kylie Jenner te redden nadat het is geslagen als 'de fakest realityshow ooit',0.0
"Laatste nieuws, weergaven, roddels, foto's, video",0.0
"Kasich: ""Als een vrouw niet intelligent genoeg is om haar benen gesloten te houden, hoe kunnen we dan de abortusbeslissing aan haar toevertrouwen?""",0.0
Leslie Jones (cabaretier),0.0
"Jamie Dornan, Dakota Johnson verschrikkelijk in bed: gedwongen om hele ‘Fifty Shades Darker’ opnieuw te schieten - seksscènes waren catastrofaal!",0.0
"Blake Shelton: Wat hij echt denkt van de Gwen Stefani splitste geruchten, zegt bron",0.0
"Zo lang, acteren!Liam Hemsworth heeft zijn hart op een modelleringscarrière",0.0
Prins Harry & Meghan Markle -relatie Tijdlijn,0.0
Justin Theroux,0.0
Beroemdheden bedanken Barack Obama op de laatste dag als president,0.0
"Feitcontrole: Nee, Fall River, Massachusetts, was niet 'gebouwd door immigranten'",0.0
Kylie Jenner jaloers van Ariana Grande!Wil Travis onmiddellijk voorstellen!,0.0
Victoria Beckham David Beckham splitst over Bella Hadid,0.0
Donald Trump Jr. brengt e -mailuitwisseling vrij: beroemdheden op Twitter reageren,0.0
De tabloidverhalen van de week ontkrachten: 22 december 2017,0.0
Hoeveel Alec Baldwin maakt per aflevering voor het portretteren van Trump op SNL,0.0
Jim Carrey: 'De Illuminati is hersenspoelen kinderen om Satan te aanbidden',0.0
Lance Armstrong's uitdagende Twitter -foto laat hem ontspannen met zeven gele truien,0.0
Drew Barrymore praat over 'eerlijke' vriendschap met Cameron Diaz: 'We Push Thers' (Exclusief),0.0
Dierenartsen voor Trump Facebook -pagina,0.0
Heeft Katie Holmes Tom Cruise & eis genoemd dat hij Suri voor het eerst in 4 jaar ziet?,0.0
Gigi Hadid haalt zich terug uit Victoria's Secret Fashion Show na 'Racist' Boeddha Instagram -video,0.0
Zijn Brad Pitt en Jennifer Lawrence dating?,0.0
Ellen DeGeneres en Portia de Rossi wisselen liefdevolle jubileum eerbetoon ter ere van negen jaar huwelijk,0.0
Eva Longoria zegt 'alles wat ongemakkelijk is' tijdens de zwangerschap,0.0
Commentaar op Jennifer Aniston is naar verluidt diepbedroefd over de plannen van Justin Theroux om door Jackie bij Emma Stone in te gaan,0.0
"Angelina Jolie heeft een ‘Dirt Diary’ over het drank, gewelddadige woede en vluchtig gedrag van Brad Pitt, bronclaims",0.0
De foto's die fans hebben overtuigd dat Katie Holmes zwanger is,0.0
Kanye West weigert naar verluidt Chicago's luiers te veranderen en Kim is woedend op hem,0.0
Mensen verbinden via nieuws,0.0
Trump die mariniers uit de marine verwijdert,0.0
Justin Bieber & Selena Gomez op zoek naar ‘Dream Home’ samen naar ‘Dream Home’,0.0
Obama's privé ‘beveiligings’ bedrijf zet enorme kampen op buiten 3 grote steden,0.0
"Hier is een tijdlijn van Selena Gomez & Justin Bieber's Rocky -relatie, van begin tot ... afwerking?",0.0
Michelle Pfeiffer stopte met seks en de stad 3,0.0
Selena Gomez ‘niet op zoek’ om te concurreren met Justin Bieber bij het vinden van een rebound -romantiek,0.0
"Caitlyn Jenner en O.J.Simpson is klaar om zich te herenigen op tv: ""Het zou fascinerend zijn!""(EXCLUSIEF)",0.0
Mariah Carey heeft naar verluidt voorgesteld aan BF Bryan Tanaka met Super Romantic Song: Huwelijksplannen onthuld,0.0
Trevor Noah sluit nep -dood geruchten af - alweer,0.0
Meghan Markle en Prince Harry Wedding Drama FAQ: alle roddels die je echt wilt weten,0.0
Brunette haarkleurtips van Kristen Stewart's Breaking Dawn Hair Pro,0.0
Jennifer Lawrence en David O. Russell zijn niet aan het daten,0.0
Een terugblik op de ware romances van Brad Pitt na Angelina Jolie -scheiding,0.0
Verrader!Kim Kardashian's familie 'woedend' over ontmoeting met Donald Trump,0.0
Angelina Jolie: ‘Ik geniet er niet van om single te zijn’,0.0
Robert Pattinson en Kristen Stewart naar verluidt in gesprekken voor 1e film samen sinds ‘Twilight’,0.0
"Ellen DeGeneres Bio, leeftijd, getrouwd, echtgenoot, dochter, partner, salaris en netto waarde",0.0
Jennifer Aniston en Justin Theroux zijn gedaan na twee jaar huwelijk,0.0
‘The Rock’ zakt $ 1 miljoen om nieuwe films te promoten op sociale media,0.0
Jay-Z en Beyonce houden niet van Kim Kardashian-zal het haar relatie met Kanye West verpesten?,0.0
Mensen verbinden via nieuws,0.0
"Kylie Jenner & Khloe Kardashian delen vreemde zwangerschapsverlies: pindakaas, augurken en meer",0.0
Justin Bieber's sportschoolverbod werd opgeheven,0.0
Gwen Stefani & Blake Shelton: Hoe Janet Jackson haar heeft geïnspireerd om nog een baby te krijgen,0.0
Tobey Maguire,0.0
Russell Crowe Slams beweert dat hij Sophia Forrest 'dating' is,0.0
Selena Gomez onthult dat ze een niertransplantatie had,0.0
Pier 39 Terrorist was een anti-Trump Antifa-supporter,0.0
"Beroemdheden slaan Trump de beslissing om DACA te beëindigen als 'eeltig', 'walgelijk' en een 'ernstige fout'",0.0
De familie van Paris Jackson probeert haar terug te sturen naar het revalidatierapport,0.0
"Het enige dat Justin Bieber wil, is weer samenkomen met Selena Gomez",0.0
"Donald Trump is niet welkom bij ‘Harry Potter and the Cursed Child’, zegt Play's Hermione",0.0
"Alyson Hannigan, Alexis Denisof Huwelijk niet 'op de rotsen', ondanks rapport",0.0
21 Beste Selena Gomez Hollywood Life Images on Pinterest,0.0
Billy Bush,0.0
"Beyonce, Shawn Mendes & More Stars Tweet Support voor slachtoffers van aardbevingen in Mexico City",0.0
Kris Jenner Jenner schrijft Revenge Memoir Revenge Memoir niet over Caitlyn ondanks rapport,0.0
Britney Spears ‘boos’ over kinderbijslag strijd,0.0
"Russell Crowe streeft Nicole Kidman niet na, ondanks rapport",0.0
Nicki Minaj schaamde,0.0
"Enquirer: Jennifer Garner gaat uit met een advocaat, ze stelde hem voor aan haar familie",0.0
De woordvoerder van Jennifer Aniston ontkent rapporten die de 47-jarige actrice verwachtende 'Miracle Baby' verwacht,0.0
Hebben we gemerkt dat elke keer dat Drake dateert met een vrouw met wie hij niet echt uitgaat met haar?,0.0
Brad Pitt mist het zien van zijn kinderen terwijl hij weer aan het werk gaat sinds Angelina Jolie Split,0.0
Oprah Winfrey onthult waarom ze niet met Stedman Graham zal trouwen,0.0
Rihanna's onhandige exen!Leonardo & Drake vermijden elkaar bij pre-Oscars Bash,0.0
Kylie wil terugtrekken uit het leven van het beroemdheid 'permanent' - maar neemt haar familie haar serieus?,0.0
Beyoncé om zich te herenigen met Destiny's Child bij Coachella,0.0
Omgaan met teleurstellende relaties: verander uw verwachtingen,0.0
Hugh Hefner's vrouw Crystal Harris 'zal niets erven',0.0
Kendall Jenner heeft een 'echt speciale verbinding' met nichtje Stormi: She's 'So Cmakforts With Me',0.0
Brad Pitt gebruikte geen voogdijonderhandelingen om terug te komen met Angelina Jolie,0.0
"John Lewis, beroemdheden reageren als ABC annuleert ‘Roseanne’",0.0
Waarom Caitlyn Jenner besloot om een sekoperatie te ondergaan,0.0
Beroemdheden reageren op de dood van Chuck Berry: ‘Gegroet tot de King of Rock’ - Variety,0.0
"Mitt Romney: ‘Trump heeft een aantal zeer ernstige emotionele problemen, hij moet aftreden voordat we ...’",0.0
Kanye West dacht dat Kim Kardashian hem zou kunnen scheiden over slavernij -opmerkingen,0.0
"Channing Tatum & Jenna Dewan: Jaloezie en ‘Bitter’ gevechten leidden tot split, rapporten ‘Radar Online’",0.0
"Meld dat Blake Shelton op Valentijnsdag Gwen Stefani zal voorstellen, is onwaar [Debunked]",0.0
Deze 1 country zanger wil de bruiloft van Gwen Stefani en Blake Shelton officiëren,0.0
Selena Gomez vreest Run-in met ex Justin Bieber bij Billboard Music Awards 2017,0.0
Nina Dobrev en Orlando Bloom zijn ‘meer dan vrienden’ - is hij al meer dan Katy Perry?,0.0
Hertogin Meghan en Prins Harry plannen een Amerikaanse tournee: details!,0.0
"Katie Holmes 'Trials: Fighting Reports over een Jamie Foxx -uiteenvallen en een Tom Cruise, Suri Reunion",0.0
Gigi Hadid verdedigt nu haar slanker lichaam op Instagram,0.0
Rachel Lindsay onthult de enige spijt die ze heeft over haar tijd op de vrijgezel,0.0
Chris Hemsworth bewijst dat zelfs hij een gênante vader kan zijn,0.0
PTC -analyse van YouTube vindt expliciete inhoud één klik verwijderd van kinderen,0.0
Tyga roept Kim Kardashian op Instagram,0.0
‘Tekeded’ Brad Pitt mag alleen maar vier uur doorbrengen met zijn kinderen op eerste kerstdag ’,0.0
Mensen verbinden via nieuws,0.0
Eva Mendes woont het nummer van Ryan Gosling bij om Song Premiere,0.0
"Zelfbeschermend, liefdevol en intiem: wat de lichaamstaal van Kate en Wills met hun nieuwe babyjongen onthult",0.0
Robert Pattinson Bella Hadid Nieuw paar noch cozied op bij Dior Paris Show Report,0.0
Meghan Markle's Maid of Honor onthult 'echte reden' haar eerste huwelijk brak uit,0.0
"Gavin Rossdale: ‘Als je de lieverd van Amerika scheidt, zit je in de problemen’",0.0
"Anna Faris ongemakkelijk naar Chris Pratt, Zoe Saldana romantische scènes?",0.0
Blake Shelton klapt subtiel terug naar ex-vrouw Miranda Lambert met hulp van Buddy Luke Bryan,0.0
Heeft Kanye West een diss track gemaakt over Donald Trump?,0.0
"Jamie Foxx's vrienden Low-key denken Katie Holmes ""heeft een make-over nodig"" (exclusief)",0.0
"Jennifer Lopez heeft een particuliere detective ingehuurd om Alex Rodriguez vals spelende beschuldigingen te bekijken, zegt Report Says",0.0
Rice vertelde de onderzoekers waarom ze Trump -assistenten heeft ontmaskerd,0.0
Cindy Crawford waarschuwde dochter Kaia om weg te blijven van Kendall Jenner Report,0.0
TBT: Zie foto's van Paris Hilton en Kim Kardashian toen ze vrienden waren,0.0
De vader van Angelina Jolie smeekt dat ze hulp krijgt voor het rapport van de eetstoornissen,0.0
"Er is nog meer bewijs dat Caitlyn Jenner met een 21-jarig model uitgaat en dat zijn we, snap het, meid!",0.0
Cheryl geeft toe dat haar Liam Payne -split -verklaring 'Cringeworthy' was,0.0
Breaking: Ierse superster Saoirse Ronan sterft na een ongeluk in St. Lucia,0.0
Zijn Selena Gomez en Justin Theroux dating?Nieuwe details over hun geheime relatie,0.0
"Een grondig onderzoek naar de theorieën die Khloe Kardashian 'bewijzen', is niet zwanger.",0.0
Dan jonger - nrs,0.0
Matt Lauer's zou ex-vrouw Annette Roque $ 20 miljoen aan echtscheiding kunnen betalen,0.0
8 sappigste beroemdheidsvetten van 2017,0.0
Mensen verbinden via nieuws,0.0
BREAKING: FBI -problemen rechtvaardigen voor de arrestatie van Obama na het bevestigen van illegale Trump Tower Wiretap,0.0
Justin Bieber 'gevangen met mystery blonde' te midden van Selena Gomez 'break-up',0.0
Is het surrogaat van Kim Kardashian eisende ster niet in de verloskamer tijdens de geboorte?,0.0
Katherine Jackson neemt ontslag als de voogd van de deken,0.0
Jij en Selena Gomez hebben waarschijnlijk één groot ding gemeen,0.0
"Justin Bieber, Selena Gomez Relatie geruchten: voorstellen, jaloezie, Bieber wanhopig om te verzoenen (update)",0.0
Beroemdheden zijn net zo geobsedeerd door de koninklijke bruiloft als we zijn,0.0
112-jarige kiezers in North Carolina?,0.0
"L.A.'s Elite Cannibal Restaurant heeft Katy Perry, Meryl Streep, Chelsea Clinton als leden",0.0
11 september: Beroemdheden herinneren zich 9/11 (tweets),0.0
Jennifer Garner & Josh Duhamel Dating: Why Ben Affleck voelt zich ‘bedreigd’ door het gerucht,0.0
Brad Pitt en Jennifer Aniston's tweede bruiloft Joy,0.0
"5 ongemakkelijke details over de relatie van Blake Shelton en Gwen Stefani, inclusief wat ze heeft gezegd over met hem trouwen",0.0
"Malibu -crash met Bruce Jenner laat 1 dode, 5 gewonden achter",0.0
Halle Berry dateert geen vrouwelijke vriend ondanks speculatieve claim,0.0
President Donald Trump heeft een cartoon van een trein geretweet die een CNN -verslaggever doodde,0.0
US Rapport: Suri's ‘Secret Plea to Missing Dad Tom Cruise’,0.0
Al Franken Accused of Groping Radio Host Leeann Tweeden,0.0
Lees het eerbetoon van Linkin Park aan Chester Bennington: 'Our Hearts Are Broken',0.0
"Bevestigd: Meghan & Harry - Ja, het is een tweeling",0.0
Katie Holmes en Jamie Foxx 'Split' na vijfjarige geheime romantiek,0.0
Kim Kardashian Baby Name Shocker!Star vecht met zwangere kylie over wat ik dochter moet noemen,0.0
Meghan Markle vindt Prins Harry niet kan stoppen met ‘jaloers’ Kate Middleton & Princesses Royal Feud [gerucht],0.0
Kate Hudson en Angelina Jolie genieten van familiedag uit bij Kung Fu Panda 3 Premiere,0.0
Waren drugs de schuld voor de dood van Erin Moran?,0.0
De waarheid over de relatie van Kate Middleton en Meghan Markle,0.0
Wild worden in Zuid -Afrika,0.0
Amerikaanse rapport: Jennifer Aniston zwanger van de baby van Brad Pitt,0.0
Justin Bieber was ingehaald in Church Child Molester Scandal,0.0
Jay-Z's '4:44 Tour' bewijst dat de geit nog steeds de beste is,0.0
Tom Hiddleston verbaasde Taylor Swift naar hem op nieuw album: hier is waarom,0.0
Caitlyn Jenner kan de overdracht terug naar Bruce na het lijden aan seksverandering spijt ',0.0
Nicole Kidman en Keith Urban Take PDA naar een nieuw niveau op Cannes Red Carpet,0.0
Het bikini -lichaam van Heidi Klum vergt veel werk en haar vriendje hoort erover,0.0
J.LO ‘Wild’ over de ‘gepassioneerde’ kussen van A-Rod-hun make-outs zijn ‘Next Level’,0.0
"Kylie Jenner morst op onveiligheid en plastische chirurgie: ""Ik was geobsedeerd door mijn lippen groter te maken""",0.0
Meghan Markle en Prince Harry Wedding Drama FAQ: alle roddels die je echt wilt weten,0.0
Julianne Hough en Brooks Laich Wedding Weekend op foto's: elk detail dat je moet zien van hun speciale dagen,0.0
"Nancy Pelosi lijdt aan een afbraak, gehaald uit Capitol Hill op een brancard",0.0
MTO Shocker: Jennifer Lopez leek haar rug te kwetsen...Proberen te dansen zoals Ciara...Bekijk de 47 -jarige...Gewond raken!!!(Foto's),0.0
Katie Holmes checkt de Ierse trouwlocatie uit,0.0
Selena Gomez en Justin Theroux zijn mogelijk aan het daten en Jennifer Aniston is gek,0.0
"Kristen Stewart: ""Ik ben diep verliefd geweest op iedereen met wie ik uitging""",0.0
"HollywoodLife Weasels Out of Fake Rihanna, Hassan Jameel Stories With Fony Leonardo DiCaprio Claim",0.0
Miley Cyrus Seth Rogen James Franco gearresteerd voor plot voor Donald Trump nep,0.0
"Blake Shelton plaatste Miranda Lambert ""Through Hell"" - dus ze krijgt haar wraak (exclusief)",0.0
Een gids voor de steeds intensere Brad Pitt - Angelina Jolie -scheidingsdrama,0.0
Problemen in het paradijs?George & Amal Clooney slapen in aparte slaapkamers,0.0
"Cindy Crawford zegt dat dochter Kaia Gerber '' Loves Kendall Jenner, '' over de modellering van de 14-jarige Modellering Future: Watch",0.0
Wat heeft Lady Gaga haar gezicht gedaan?Plastic chirurg gerechten vuil op schoktransformatie,0.0
Saoedi -Arabië om 6 schoolmeisjes te onthoofden omdat ze bij hun mannelijke vrienden zijn zonder ouders of een voogd,0.0
Golden Globes -vrouwen spreken zich uit in eenheid over seksuele intimidatie,0.0
Kim Kardashian heeft plastische chirurgie om cancles te genezen?,0.0
Angelina Jolie & Jared Leto Dating na Brad Pitt Divorce - Rapport,0.0
Is Meghan Markle al zwanger?Het bewijs spreekt voor zich,0.0
Zijn Nicole Kidman en Keith Urban op weg naar scheiding?,0.0
Vanessa Kirby schiet neer op Tom Cruise huwelijk geruchten,0.0
Komt Prins Harry en Meghan Markle naar de VS?,0.0
Nikki Reed reageert op terugslag over Ian Somerhalder die haar anticonceptiepillen weggooit,0.0
Fergie en haar babyzoon Axl dragen bijpassende bandana's terwijl Singer pronkt met haar slanke benen in LA,0.0
Waarom de sieraden van prinses Diana misschien meer in het openbaar verschijnen,0.0
Ewan McGregor Scraps UK Talk Show Bezoek via Piers Morgan Women's March Barbs,0.0
Caitlyn Jenner wil naar verluidt de surrogaat van Kim Kardashian om een baby voor haar te dragen,0.0
Was Kanye betrokken bij Amanda Lepore voor Kim K.?,0.0
Beroemdheden reageren: Trump trekt Steph Curry Witte Huis uit,0.0
Sid Miller,0.0
"Mila Kunis richt zich op 'verontrustende' scheiding, zwangerschapsgeruchten",0.0
Brad Pitt en Jennifer Aniston's tweede bruiloft Joy,0.0
Alles wat Jennifer Garner heeft gezegd over Ben Affleck sinds hun splitsing,0.0
Teresa Giudice legt uit waarom ze liever echt echtgenoot Joe elke week in de gevangenis ziet,0.0
Jennifer Aniston en Adam Sandler zijn in Italië over wat we ons voorstellen de leukste jachttocht ooit is (video),0.0
Christina Aguilera die lid wordt van ‘American Idol’?: ABC hoopt haar te stelen van ‘The Voice’,0.0
Caitlyn Jenner sluit zich aan bij 'vriendin' Sophia Hutchins op Kylie's verjaardag,0.0
De echte reden waarom Kendall Jenner een stap terug heeft gedaan vanuit de schijnwerpers,0.0
Breaking: Fox Star Tucker Carlson in kritieke toestand na het hoofd op botsing rijden naar huis,0.0
Jennifer Aniston leeft haar leven en dateert twee (2) kerels,0.0
Jessica raakt de bodem!,0.0
Huwelijksmelting!Cheryl Hines ‘In Over Head’ met Sex Freak RFK Jr.,0.0
Beyonce's Rep Slams meldt dat Beyonce's lippen niet volledig natuurlijke preggo-lips zijn,0.0
Page 585 - US WEKELIJKS,0.0
"Caitlyn Jenner 'was in eerste instantie niet gelukkig' dat Kylie Jenner een jonge moeder wordt, zegt Source (exclusief)",0.0
"Brad Pitt, vriendin Neri Oxman ‘Praat meerdere keren per dag aan de telefoon’",0.0
De tabloidverhalen van de week ontkrachten: 8 juni 2018,0.0
Britney Spears en Sam Asghari zouden 'graag een baby krijgen',0.0
"Catherine, hertogin van Cambridge",0.0
Paris Jackson is favoriet om Madonna te spelen in filmbiopic,0.0
Een tijdlijn van de relatie van Gwen Stefani & Blake Shelton,0.0
Een volledige tijdlijn van de relatie van Brad Pitt en Jennifer Aniston,0.0
Kim Kardashian deelt familie -kerstkaart,0.0
Een tijdlijn van de relatie van Gwen Stefani & Blake Shelton,0.0
"Joel Silver aangeklaagd voor assistent -dood tijdens Jennifer Aniston, Justin Theroux Honeymoon",0.0
"‘Ik heb het dieet van Kim Kardashian twee weken geprobeerd, en de resultaten waren niet wat ik had verwacht’",0.0
Gwen Stefani zwanger van de baby van Blake Shelton?Waarom vrienden denken dat ze een geheim heeft,0.0
De ring van prinses Eugenie is het dubbele van de prijs van die van Meghan Markle,0.0
MIT Professor Neri Oxman is mogelijk van Brad Pitt verder gegaan,0.0
Het einde?‘Party Boy’ Jamie Foxx blaast het met Katie Holmes!,0.0
"Sarah Palin roept op om Mall of America te boycott omdat ""de kerstman altijd blank was in de Bijbel""",0.0
Madonna overweegt een verhuizing naar Rome (rapport),0.0
Mensen verbinden via nieuws,0.0
Meghan Markle en Prince Harry Wedding Drama FAQ: alle roddels die je echt wilt weten,0.0
Miley Cyrus is niet van plan het land te verlaten in het tijdperk van Trump,0.0
Pasen 2016: beroemdheden delen berichten op sociale media,0.0
"Mila Kunis praat over zwangerschap, echtscheiding geruchten",0.0
Liam Payne en zanger Cheryl Cole splitsen na meer dan twee jaar samen uit,0.0
"Kim Kardashian zegt dat ze de ""grootste Taylor Swift -fan"" is in het interview van 2009 (video)",0.0
Fifty Shades Darker: Dakota Johnson en Jamie Dornan weigeren de film te promoten?,0.0
Degene met het gerucht,0.0
Kim Kardashian & Kanye West scheiden na surrogaat baby geboren?Waarom naar verluidt een huwelijk van $ 1 miljard voorbij is,0.0
Danny Moder zei tegen Richard Gere om weg te blijven van Julia Roberts?,0.0
Oprah vete,0.0
Sophia Health,0.0
"Kourtney Kardashian, Younes Bendjima verdeeld na 2 jaar: rapport",0.0
Georgina Chapman over het leven na Harvey Weinstein,0.0
"Robert Pattinson op ex Kristen Stewart vals spelen: ""S --- gebeurt""",0.0
Oscars Red Carpet Live Stream 2018 - Bekijk Academy Awards Preshow Online,0.0
Caitlyn Jenner is al ingesteld voor tweede boob -baan,0.0
Beroemdheden slaan Donald Trump voor het bekritiseren van de burgemeester van San Juan terwijl ze pleit voor hulp voor haar mensen,0.0
Selena Gomez spioneert op The Weeknd,0.0
Legt Mel B een verklaring af over haar scheiding met haar MTV VMAS -jurk?,0.0
Selena Gomez kreeg wel Dog om te helpen genezen na het rapport van de niertransplantatie,0.0
"Scarlett Johansson weigert niet om haar rood te verven voor ‘Avengers’ vervolg, ondanks rapport",0.0
"Of hij dat wilde of niet, John McCain speelde een uitstekende rol in het politieke verhaal van Trump",0.0
Als je deze tandpasta gebruikt ... gooi het onmiddellijk weg 28 november,0.0
Kanye West -fans zijn van plan 'Hey Mama Day' in reactie op Taylor Swift's aankomende albumrelease,0.0
"Een geschiedenis van Kanye West's, Kardashians revees met Amber Rose, Blac Chyna",0.0
'Grey's Anatomy': het begrijpen van de première van seizoen 14 van de opvolging van seizoen 14,0.0
Is Kris Jenner uitgaan met een Nigeriaanse miljardair?,0.0
Kylie Jenner is eindelijk in het openbaar gespot,0.0
Echtscheiding is naar de honden gegaan!EX's Jen en Justin in voogdijgevecht,0.0
Justin Theroux vond post-its van Brad Pitt tijdens het huwelijk van Jen Aniston,0.0
Avril Lavigne is 'mild geamuseerd' door de dodenhoax op te duiken,0.0
Diddy kruipen ???Betrapt op een date...Met een blanke vrouw !!!,0.0
Brad Pitt en Angelina Jolie verwerpen reünierapporten,0.0
Daniel Craig vecht om het huwelijk te redden met Rachel Weisz terwijl hij terugkeert naar James Bond,0.0
Lena Dunham en Jack Antonoff zijn uit elkaar gegaan,0.0
Gigi Hadid en Bella Hadid's schattigste foto's,0.0
Meld: Jamie Foxx trouwt binnenkort met Katie Holmes,0.0
Angelina Jolie heeft haar ogen gericht op de Britse acteur Ed Skrein,0.0
Droge goederen econoom,0.0
Taylor Swift reageert naar verluidt op de Golden Globes van Tom Hiddleston,0.0
Caitlyn Jenner roept Ellen DeGeneres op in Memoires,0.0
Alles wat er is gebeurd in de datingrelatie van Selena en Abel Tesfaye,0.0
10 regels Prins William en Kate Middleton moeten altijd volgen dat andere Royals dat niet doen,0.0
Reactie beroemdheden: Jimmy Kimmel Monoloog op Las Vegas schieten en wapens,0.0
Rob Kardashian betrapte zijn ex in het gezicht!,0.0
Verwacht Jennifer Lopez een babyjongen met Alex Rodriguez?,0.0
Scott Disick 'wanhopig voor de Kardashians om Sofia Richie te accepteren',0.0
Waarom fans overstuur zijn over de opmerkingen van Kim Kardashian over haar eigen lichaam,0.0
Tom Cruise voelt ‘verraden’ door de geheime romantiek van Katie Holmes & Jamie Foxx,0.0
"Jim Carrey, Robert de Niro leiden beroemdheden van beroemdheden aan Jerry Lewis: 'Hij miste geen beat of een punchline'",0.0
"Sessies: illegaal lek tegen generaal Mike Flynn wordt ""agressief"" onderzocht",0.0
Britney Spears lijkt doodsbang terwijl de mens het podium crasht tijdens de residentie van Vegas: 'Heeft hij een pistool?',0.0
Robert Pattinson koelt af met FKA Twigs: Verwarmden dingen met Katy Perry?,0.0
"Selena Gomez Justin Bieber maakt het niet opnieuw verbinden, ondanks rapporten",0.0
Selena Gomez: Ik heb nooit een probleem gehad met drinken,0.0
De vrienden van George Clooney willen dat hij voor de president loopt: hij zou ‘geweldig’ zijn met Amal als First Lady,0.0
In de vervelende splitsing van Kim Kardashian van BFF & assistent Stephanie Shepherd,0.0
Amber hoorde voor het eerst gesprekken over het huwelijk met Johnny Depp,0.0
Rechter ontslaat de zaak van DJ David Mueller tegen Taylor Swift,0.0
"Vaderdagberichten van beroemdheden: Meadow Walker, Denise Richards, Kim Kardashian, meer",0.0
Selena en Justin besteden Thanksgiving uit elkaar: problemen in het paradijs?,0.0
Christina Aguilera outs ex-vriendje,0.0
Katie Holmes & Jamie Foxx gaan naar verluidt trouwen na jaren van stiekem dating,0.0
Waarom coacht Gwen Stefani 'The Voice' seizoen 13 niet?Ze zou terug kunnen komen voordat je het weet,0.0
"Jennifer Aniston draagt een armbrace, verbijstert in het zwart op het verlovingsfeest van Gwyneth Paltrow",0.0
Kim Jong Un Dead: Noord -Koreanen noemen Trump een moordenaar,0.0
"Vlogmail op Instagram: ""Gossip Cop bust 3,136 verhalen in 2017, HollywoodLife was de ergste dader #CelebrityNews #CelebrityRumors, #fakenews, #gossip, #Gossipcop, ...""",0.0
Wie had gedacht dat Kylie de meest succesvolle Kardashian zou zijn?,0.0
Lindsay Lohan bood de rol van de moeder van tieners is nepnieuws,0.0
Katie Holmes duwt Jamie Foxx om meer openbaar te worden met hun relatie - waarom hij ‘aarzelend’ is,0.0
Kardashians jaloers op de relatie van Jennifer Lawrence met Kris Jenner,0.0
De cijfers liegen niet ... - bezetten Democraten,0.0
Sarah Jessica Parker en Matthew Broderick Net Worth,0.0
Gwen Stefani gedwongen om de prestaties van Vegas over te slaan na het scheuren van haar trommelvlies,0.0
Fans zeggen dat beelden laten zien dat Miley Cyrus een babybult heeft,0.0
Caitlyn Jenner neemt haar vliegtuig mee voor een spin in LA,0.0
Is Montia Sabbag zwanger van de baby van Kevin Hart?,0.0
Ben Affleck op zoek naar gezinsvriendelijke rol,0.0
Vrouwelijk eerste forum,0.0
Kim Kardashian,0.0
"Gwyneth Paltrow, Angelina Jolie en anderen zeggen dat Weinstein hen heeft lastiggevallen",0.0
Teen Choice Awards 2017 winnaars: de complete lijst,0.0
"'Big Little Lies' Seizoen 2 keert nog 3 castleden terug, voegt 3 nieuws toe",0.0
"HollywoodLife betrapt liegen over Taylor Swift, Selena Gomez en Justin Bieber",0.0
Bekijk: Jennifer Lawrence interviewt Kim Kardashian West -video,0.0
Kourtney Kardashian Naar verluidt zwanger van baby #4-Is ex-BF Younes Bendjima de vader?,0.0
"‘Deadpool ': Brianna Hildebrand op Negasonic Teenage Warhead, Ryan Reynolds, en meer",0.0
VS Rapport: Mary-Kate Olsen zwanger,0.0
Hier is Tom Hiddleston die een maand geleden over Taylor Swift stroomt,0.0
Nicole Kidman Zwangere rapport,0.0
"Robert Pattinson 2018: De ex van Kristen Stewart flirt naar verluidt met Kylie Minogue, Bella Hadid en Katy Perry",0.0
Fans reageren: U2 annuleert het St. Louis -concert te midden van politieprotesten,0.0
"Mandy Moore, Milo Ventimiglia ruzie met ‘This Is Us’ Set, ondanks rapport",0.0
Wat is precies de relatie van Katie Holmes met roddelbladen?,0.0
BREAKING: Hillary Clinton heeft een scheiding aangevraagd in de rechtbanken van New York!,0.0
"Reese Witherspoon, MGM brengt de bende terug voor ‘Legally Blonde 3’",0.0
De gestresste Angelina ‘smelten’ na de voogdij oorlog met Brad explodeert!,0.0
Dit is de reden waarom Kendall Jenner niet van plan is om snel een moeder zoals haar zussen te worden,0.0
Brad Pitt 'biedt verontschuldiging' aan Jennifer Aniston twaalf jaar na het huwelijk splitsen,0.0
"Waarheid over Jennifer Garner, Ben Affleck is van plan om bruiloftsgeloften te vernieuwen",0.0
North West's ‘worstelt’ met de komst van haar zusje: ze is ‘acteren en op zoek zijn naar aandacht’,0.0
Noel Gallagher Slams Harry Styles 'Solo Debut:' Mijn kat had dat in 10 minuten kunnen schrijven ',0.0
Kendall Jenner,0.0
Selena Gomez,0.0
Oscar Pistorius probeert zelfmoord te plegen,0.0
Kristen Stewart en Robert Pattinson Spark Reconciliation geruchten met L.A. waarneming,0.0
Gwen Stefani Top van 2017 verwacht een tweeling met Blake Shelton,0.0
"Scott Disick schrijft Kardashian Tell-all om Kim's gespannen huwelijk bloot te stellen aan Kanye West, Kourtney Secrets",0.0
Grootste George Clooney geruchten,0.0
"Selena Gomez en Justin Bieber niet 'uit elkaar gegaan' maar werken aan 'problemen', zegt (exclusief)",0.0
Justin Theroux spreekt zich uit over de scheiding van Brangelina,0.0
Democraat Maxine Waters heeft 35 jaar tot slechts 10% van de congresbijeenkomsten aangetoond,0.0
Caitlyn Jenner denkt naar verluidt dat Kim en Kourtney Kardashian ‘een slecht voorbeeld voor hun kinderen geven’,0.0
Baby nummer twee voor Justin Timberlake en Jessica Biel,0.0
Justin Bieber en Selena Gomez zweten het samen Jelena na Pilates Training Class,0.0
Jim Carrey onthult de waarheid achter Robin Williams Feud,0.0
Kylie Jenner en Travis Scott vechten om haar beslissing om zich te verbergen tijdens de zwangerschap,0.0
"Chris Hemsworth zegt dat hij en zijn vrouw ""elkaar jarenlang niet hebben gezien""",0.0
"Na alles wenst Ben Affleck dat hij Jennifer Garner terug kon winnen, zegt New Report zegt",0.0
Brad Pitt overstuur over de geruchten van Angelina Jolie om te adopteren?- Zou hij ook opnieuw adopteren?,0.0
Is de carrière van Kathy Griffin voorbij?Topcrisismanagers wegen in,0.0
Fans reageren: Tiger Woods 'gearresteerd voor DUI,0.0
Harry Hamlin van Real Housewives staat achter vrouw Lisa Rinna na uitbarsting,0.0
"Na alles wenst Ben Affleck dat hij Jennifer Garner terug kon winnen, zegt New Report zegt",0.0
Scarlett Johansson en Bobby Flay hebben samen gespot dineren samen,0.0
Justin Bieber is wanhopig om vrienden te worden met Chris Pratt?,0.0
"Aaron Carter maakte zich zorgen over eerdere homoliefhebbers die geheimen onthullen, is nepnieuws",0.0
5 Verkeerde geruchten over Brad Pitt Angelina Jolie -scheiding,0.0
Robert Pattinson praat over het spelen van Edward Cullen -video,0.0
Gal Gadot's dochters niet onder de indruk van het 'Wonder Woman' -karakter van mama,0.0
Khloé Kardashian en Kylie Jenner kunnen hun zwangerschappen pas in 2018 bevestigen,0.0
Sandra Bullock zegt dat ze Hollywood overwoog om seksisme te hebben over seksisme,0.0
Is Taylor Swift bezig?Laatste citaten onthullen Joe Alwyn is 'The One',0.0
Jennifer Aniston is 'Furious' over Selena Gomez en Justin Theroux dating geruchten,0.0
"Irina Shayk smeekt Bradley Cooper om te stoppen met werken, thuis te blijven met de baby?",0.0
"Miranda Lambert en Blake Shelton hadden een affaire, haar ex claimt",0.0
Meg Ryan kan opnieuw door het gangpad lopen terwijl 'John Mellencamp van plan is voor te stellen',0.0
Beyonce's plastische chirurgie geheimen?(Voor en na foto's 2018),0.0
Trump Nation,0.0
Een koninklijk huwelijk voor de 21ste eeuw: Prins Harry trouwt met Meghan Markle te midden van oproepen tot sociale rechtvaardigheid,0.0
Kim Kardashian Slams 'Liar' Caitlyn Jenner voor opmerkingen over overleden vader Robert: 'Ze is geen goed persoon',0.0
Beroemdheden reageren op de CNN Body-Slam-tweet van Donald Trump: ‘Hoe de F-ben je een president’,0.0
Rapport: Kim Jong Un vermoord in Trump's overnachting Black Op -aanval op Noord -Korea -,0.0
Beyonce is een 'absolute diva'...Ze nodigde iedereen uit voor haar landhuis...En negeerde al haar gasten !!!,0.0
"HollywoodLife gevangen in leugens over Selena Gomez, Justin Bieber en het Met Gala",0.0
Brad Pitt Jennifer Aniston Secret Hideout Hills,0.0
Worden Jennifer Aniston en Brad Pitt herenigen op Jimmy Kimmel Live?een!Nieuws,0.0
"Britney Spears lastig gevallen door fans bij het eerste bezoek aan Israël, annuleert het diner met PM Benjamin Netanyahu- entertainmentnieuws, FirstPost",0.0
"Fox Network pakt ‘Roseanne’ op, en zegt dat het geen probleem heeft met incidentele racisme - het nieuwe persnieuwsnetwerk - POTUS Press Network",0.0
Miranda Lambert en Anderson East gaan uiteen: rapport,0.0
Rachel Lindsay en Bryan Abasolo wachten op een tv -bruiloft,0.0
Anna Wintour Net Worth,0.0
"Jennifer Aniston heeft uw troost, advies of Brad Pitt niet nodig om haar bestaan te valideren- entertainmentnieuws, FirstPost",0.0
KUWTK: Kourtney is ‘Creeped Out’ door Scott Disick's GF Sofia Richie die in haar verandert - voelt alsof hij het meisje 'manipuleert',0.0
Opent Lindsay Lohan een tweede club in Griekenland?,0.0
Paris Jackson Secret Surgery,0.0
Alexandra Daddario slaat geruchten dat ze nog steeds uitgaat met Zac Efron - wat is er gebeurd?,0.0
Ryan Reynolds reageerde op geruchten dat hij en Blake Lively splitsen met een mom -grap,0.0
‘Mijn broek is te strak!’ Prins William's schokbekentenis aan Prins Harry,0.0
"Kristen Stewart opent op het daten van Robert Pattinson en komt uit als homo, zegt: 'Publiek was de vijand'",0.0
De waarheid achter die Robert Pattinson en Emma Watson One Night Stand geruchten,0.0
Anna Faris is 'woedend' na het vinden van halfnaakte Chris Pratt met een kostuummeisje,0.0
Angelina Jolie over wat haar kinderen online over haar zullen lezen,0.0
Heeft Blac Chyna de voogdij over dochter Dream gegeven om Kardashian te beroven?Rapport claims dat Chyna in plaats daarvan wil twerken,0.0
Gwen Stefani Vs.Miranda Lambert - Welke van Blake Shelton's Loves heeft de meest sexy looks?,0.0
Ice Detainer uitgegeven voor verdachte wijnland brandstichter in de gevangenis van Sonoma,0.0
"Het memoires van Caitlyn Jenner landt naar verluidt filmaanpassing, Rob Lowe kan haar spelen",0.0
Charlie Sheen Slams Slams Accuser,0.0
Sofia Richie die Scott Disick's Bills -rapporten betaalt,0.0
Channing Tatum en Jenna Dewan splitsten zich na 9 jaar huwelijk,0.0
Mila Kunis heeft Lea Michele verboden om met Ashton Kutcher -rapport te werken,0.0
Grammy's 2018: Wie speelt?,0.0
Rihanna: Geschokt door het geheime kind van Chris Brown!,0.0
Justin Bieber Lyrics Dis Ex Selena Gomez en The Weeknd,0.0
Anne Heche wil Ellen Degeneres terug?,0.0
Sexloos huwelijk!Kim Kardashian & Kanye West terug in aparte bedden,0.0
Eigen herschikken de ligstoelen;Malia Obama's geredigeerde voorjaarsvakantie,0.0
Eric Schneiderman hielp NXIVM kindersekslaven aan de Clintons te verkopen,0.0
Kanye West weigert naar verluidt Chicago's luiers te veranderen en Kim is woedend op hem,0.0
Jessica Simpson opent over baby's en huwelijk op de Tonight Show met Jay Leno,0.0
Ontmoet de twee mannen in het leven van Kaley Cuoco,0.0
"Jennifer Aniston onthult worsteling met dyslexie, woede;Haalt Oscar Snub op",0.0
Beroemdheden reageren op de persconferentie van president Trump,0.0
Een diepgaande analyse van de lichaamstaal van Jennifer Aniston met Justin Theroux versus Brad Pitt,0.0
Selena Gomez-Justin Bieber dating geschiedenis: de vele ups en downs van Jelena,0.0
Nicole Kidman,0.0
Leo DiCaprio plaagt de eerste foto van hem en Brad Pitt ziet eruit als retro honeys in hun nieuwe film,0.0
Selena Gomez ‘Jaloers van Camila Cabello over Taylor Swift’,0.0
"Michael Strahan, Sara Haines organiseert ABC's nieuwe ‘GMA’ Hour",0.0
Ethan Hawke staat op de kerstkaartlijst van Angelina Jolie,0.0
Plan B?Kim Kardashian zegt dat ze haar kleine zusje Khloe smeekt om haar derde baby te dragen,0.0
Hollywood's aanstaande moeders: Inside Mindy Kaling's Private and Solo Journey to Baby,0.0
Ben Affleck gaat revalidatie binnen met de hulp van Jennifer Garner,0.0
Bindi Irwin gelooft niet dat Chandler Powell de reincarnatie van de papa laat is ondanks het laat en verkeerd rapport,0.0
Kate Mara lacht af rapport over het verbieden van Rooney's vriend Joaquin Phoenix van Wedding,0.0
"Kris Jenner achter Kourtney Kardashian, Scott Disick, Sofia Richie Love Triangle?",0.0
Model moeder!Caitlyn raakt de catwalk in vetgedrukte carrièrebeweging,0.0
Brad Pitt & Angelina Jolie gaven $ 8 mil aan een goed doel,0.0
Kris Jenner smeekt Kourtney Kardashian om het Kardashian -rijk over te nemen,0.0
"Kylie Jenner's zwangerschap ""Has Hell"" - ze is nooit ellendiger geweest (exclusief)",0.0
Waar Caitlyn Jenner staat bij elke vrouw in de familie Kardashian,0.0
Hollywood reageert op het schieten van Matt Lauer: ‘Laat de deur je niet raken op weg naar buiten’,0.0
Beroemdheden reageren op de toespraak van Donald Trump,0.0
Kan een blinde weer zien door een oogoperatie?,0.0
The Weeknd kondigt openingsacts aan voor herfsttour - Is Selena Gomez bij hem mee?,0.0
Oeps!Savannah Guthrie verontschuldigt zich nadat hij per ongeluk vloekte op de Today Show,0.0
Britney Spears 'doodsbang' over gelekte sekstape,0.0
Katie Holmes gloeit na het bevestigen van Jamie Foxx Romance,0.0
Tony Awards® van de American Theatre Wing,0.0
De echte reden waarom Justin Bieber en Selena Gomez Thanksgiving niet samen hebben uitgegeven,0.0
Jennifer Aniston Plastische chirurgie- Celebrity cosmetische operaties,0.0
Jennifer Garner is ‘niet verrast’ Ben Affleck gaat uit met een ‘Playboy’ -model,0.0
Miranda Lambert stuurde Blake Shelton en Gwen Stefani haar zegen voor hun indringende run-in (exclusief),0.0
Puppy Bowl 2018 Live Stream - Kijk online,0.0
Khloe Kardashian reageert op O.J.Simpson Geruchten: Is hij haar vader?!,0.0
Brad Pitt schrijft een tell-all en dit is wat erin zit!,0.0
Kijk hoe Justin Bieber onhandig zijn Selena Gomez -tatoeage uitleg en probeer niet te krimpen,0.0
De echte reden waarom Jennifer Aniston en Justin Theroux splitsen,0.0
Angelina Jolie wordt ‘agressief’ met grote make -over!,0.0
FBI -invallen Obama - Vind massaal geheim dat jarenlang verborgen was,0.0
Jamie Foxx heeft officieel officieel Katie Holmes gedumpt voor baby mama,0.0
Hoe de sterren Memorial Day -weekend vierden,0.0
Ariana Grande leidt steun voor slachtoffers van Londense terreuraanval,0.0
Hertogin van Cambridge negeert Kim Kardashian na jaren van bedelen,0.0
Nicole Kidman: Al haar prachtige looks op de rode loper van Cannes |Cannes 2017,0.0
Chris Pratt vloog af na Anna Faris: wil zichzelf verdrinken in werk en vaderschap,0.0
Hoe de beroemdheden oudejaarsavond vierden,0.0
Alles wat Miranda Lambert en Blake Shelton hebben gezegd over hun scheiding,0.0
Zijn Amy Schumer en John Mayer dating?,0.0
Categorie Dakota Johnson Dating Jon Hamm en Chris Martin,0.0
Taylor Swift jaloers op Harry Styles,0.0
Wanneer zijn Sophie Turner en Joe Jonas gaan trouwen omdat we zo klaar zijn voor een ander 'Game of Thrones' -bruiloft,0.0
"O.J.Simpson krijgt ondanks het rapport geen plastische chirurgie na het vrijgeven van de gevangenis, ondanks het rapport",0.0
Jennifer Aniston 'wist dat het een kwestie van tijd was voordat ex-man Brad Pitt uit elkaar ging van Angelina Jolie',0.0
Brad Pitt belooft een jaar van het celibaat dat een hartzeer van vrouwen over de hele wereld aanleiding geeft,0.0
Foto's van de prachtige trouwring van Meghan Markle,0.0
Katie Holmes ‘Splits’ met Jamie Foxx en ‘Calls Off Wedding’ maanden na het onthullen van geheime vijfjarige romantiek,0.0
Taylor Swift: Calvin Harris roept Katy Perry in om wraak te nemen op Ex,0.0
Breaking: Trump betrapt op het investeren in Dakota Pipeline voordat hij het ondertekende,0.0
"Angelina Jolie, 'gericht op het genezen van haar familie', splitst zich met advocaat in Brad Pitt -scheiding",0.0
Kylie Jenner,0.0
Het acht uur durende dieet Nicole Kidman zweert langs,0.0
"Hoe de Weeknd Selena Gomez hielp herstellen van haar niertransplantatie: ‘Een van haar grootste ondersteuning"" zegt bron",0.0
"Robert Downey Jr. ""blaas fluitje niet op de pedofiele ring van Hollywood"", ondanks de claim",0.0
Brad Pitt en Angelina Jolie Divorce: Selena Gomez ‘Shameless Flirted’ met PTT bij Gold Globes,0.0
Travis Scott begint te twijfelen of hij Stormi's vader is te midden van Tim Chung Paternity Rumors (exclusief),0.0
Prinses Eugenie weigert Meghan Markle te accepteren in Royal Family,0.0
"Kate Middleton Leeftijd, kinderen en vermogen in vergelijking met Meghan Markle",0.0
Gwen Stefani is nog steeds geslagen met Blake Shelton en 'heeft nooit eens' geprobeerd hem te veranderen (exclusief),0.0
Beroemdheden reageren op secretaris van onderwijs Betsy DeVos Wet niet iets over onderwijs,0.0
J-lo: 'geen druk' op a-rod om voor te stellen,0.0
Jennifer Lawrence heeft eindelijk de rapporten aangepakt dat ze met Brad Pitt uitgaat,0.0
Melissa Joan Hart: 'Tegenwoordig vind ik meer Republikeinen in Hollywood',0.0
Katie Holmes,0.0
Jamie Foxx & Katie Holmes pronken met hun 5-jarige romantiek met schattige strandravot,0.0
Natuurlijk hadden de Oscars veel politieke momenten,0.0
Tiffany Haddish rollen haar eerste date met Brad Pitt,0.0
"Jay Z Geklaagd - ik ben je zoon, geef het gewoon toe ... zegt wannabe rapper",0.0
Katy Perry heeft het per ongeluk laten uitglijden dat ze dateert met Orlando Bloom ... nogmaals,0.0
Rihanna Stokes zwangerschapsgeruchten op Grammy 2018 After Party,0.0
"Barack Obama tweets zieke aanval op John McCain, zegt dat hij had moeten overleden",0.0
Alec Baldwin stapt weg van Twitter na kritiek op Weinstein Payoff -opmerkingen,0.0
Beroemdheden reageren: Nelsan Ellis dood op 39,0.0
Is Kylie Jenner weer zwanger met baby #2?Nieuwe geruchten die ze weer verwacht met Travis Scott,0.0
Angelina Jolie sleept Jennifer Aniston naar de rechtbank om met Brad Pitt te slapen,0.0
De tabloidverhalen van de week ontkrachten: 20 juli 2018,0.0
Rebecca Romijn & Jerry O'Connell,0.0
Kourtney Kardashian valt af over 'Evil Human Being' Kim in 'Kuwtk' Screaming Match (exclusief),0.0
"Minnie Driver, Alyssa Milano roept Matt Damon op voor ""Tone Dove"" opmerkingen over seksueel geweld",0.0
De klacht van Chrissy Teigen over John Legend 'is het huwelijk samengevat in één tweet',0.0
Netflix Canada maart 2018: What's Coming (and Going),0.0
"Bekijk Patti Lupone op Glenn Close, ‘Sunset Boulevard’",0.0
Waarom Fergie en de Black Eyed Peas mogelijk uit elkaar zijn gegaan en wanneer het gebeurde,0.0
Carlotta (The Phantom of the Opera),0.0
Blake Shelton grappen Gwen Stefani ‘Geboorte van Twins Gisteren’ [Video],0.0
Waarom heeft Blake Shelton Gwen Stefani aan het huilen?,0.0
Vito Schnabel deelt zijn hartzeer over Heidi Klum Split,0.0
Selena gomez opgewonden gif,0.0
"Blake Shelton en Gwen Stefani in de hoop exes Miranda Lambert, Gavin Rossdale zijn gelukkig en hebben kinderen in hun toekomstige relaties",0.0
"Jessica Simpson besteedt niet $ 100.000 per maand aan voedselbezorging, ondanks het rapport",0.0
Miley Cyrus: Waarom ze moeite heeft om het perfecte vakantiegeschenk voor Liam Hemsworth te kopen,0.0
"Justin Timberlake, Jessica Biel krijgt geen ""$ 300 miljoen scheiding"", ondanks het tabloid -coververhaal",0.0
"Japanse walvisvaartploeg die levend wordt opgegeten door moordende walvissen, 16 doden",0.0
15 vrouwen waar Brad Pitt verrassend aan is gekoppeld,0.0
Heeft Charlize Theron lid geworden van ‘Wonder Woman 2’ cast,0.0
"Beroemdheden reageren op blanke nationalisten die zich in Charlottesville, VA verzamelen.",0.0
"Kim Kardashian, Kanye West versneld door Kate Middleton en Prince William Report Depunked",0.0
Gigi Hadid waarschuwt Anwar Hadid over Kendall Jenner,0.0
Zijn Nina Agdal en Jack Brinkley Cook dating?,0.0
Oké ontkracht Jennifer Aniston zwangerschap geruchten nadat ze heeft gezegd dat ze Brad Pitt's baby heeft,0.0
